voltage,current,pir,vibration,risk
22.5,0.5,0,146,0
23.2,0.7,1,133,0
22.2,0.7,0,182,0
23.3,0.8,0,319,0
23.5,0.4,1,122,0
23.8,0.5,0,340,0
22.7,0.8,0,122,0
22.7,0.5,1,286,0
22.2,0.5,1,225,0
22.5,0.5,1,314,0
23.6,0.5,1,344,0
22.4,0.6,0,181,0
23.2,0.5,1,193,0
22.4,0.4,1,256,0
22.5,0.4,0,227,0
23.4,0.7,0,293,0
23.4,0.5,0,342,0
23.2,0.7,0,338,0
22.1,0.6,0,292,0
23.8,0.6,0,343,0
22.1,0.7,1,329,0
22.7,0.8,1,220,0
22.3,0.4,0,319,0
22.7,0.7,1,204,0
22.1,0.5,0,317,0
22.7,0.8,1,289,0
22.8,0.4,1,244,0
22.2,0.4,1,328,0
22.6,0.4,0,289,0
23.5,0.5,0,111,0
22.6,0.7,1,256,0
23.2,0.7,0,333,0
22.9,0.5,0,205,0
23.7,0.7,1,266,0
23.8,0.5,0,338,0
23.5,0.5,1,237,0
22.6,0.5,0,152,0
23.9,0.5,0,232,0
23.4,0.8,1,213,0
23.1,0.6,0,293,0
23.4,0.4,1,122,0
22.3,0.8,0,285,0
23.6,0.5,0,263,0
22.9,0.4,0,186,0
23.1,0.8,1,296,0
22.4,0.6,1,346,0
23.4,0.8,1,226,0
23.2,0.4,0,175,0
23.3,0.5,0,183,0
23.7,0.6,0,200,0
23.6,0.7,1,250,0
22.7,0.6,0,312,0
23.0,0.6,1,139,0
23.2,0.5,1,215,0
22.4,0.5,0,130,0
23.0,0.5,0,154,0
22.8,0.6,0,171,0
23.6,0.7,1,168,0
23.5,0.5,0,268,0
22.2,0.6,0,318,0
22.1,0.5,1,147,0
23.9,0.4,0,232,0
24.0,0.7,0,182,0
22.9,0.7,0,343,0
23.2,0.6,1,272,0
22.8,0.8,0,203,0
24.0,0.7,1,308,0
22.2,0.5,0,346,0
22.5,0.6,0,124,0
23.7,0.5,1,301,0
23.7,0.5,0,210,0
22.5,0.8,0,138,0
22.4,0.4,1,303,0
22.1,0.8,0,331,0
22.3,0.4,0,163,0
23.2,0.7,0,152,0
23.9,0.5,1,253,0
22.6,0.5,1,240,0
23.1,0.5,0,176,0
23.8,0.5,1,184,0
23.7,0.5,0,285,0
23.6,0.7,0,199,0
22.9,0.5,1,195,0
23.9,0.5,0,323,0
22.5,0.7,0,252,0
23.4,0.4,0,159,0
23.8,0.5,0,270,0
22.5,0.7,0,187,0
22.4,0.8,1,197,0
22.8,0.8,1,253,0
22.5,0.5,1,325,0
23.2,0.6,1,349,0
22.9,0.6,0,218,0
24.0,0.5,1,263,0
23.0,0.7,0,148,0
23.3,0.6,0,179,0
23.8,0.7,1,290,0
23.2,0.8,1,183,0
22.8,0.5,1,126,0
22.3,0.4,0,319,0
23.0,0.7,1,310,0
23.0,0.5,0,315,0
22.7,0.8,0,284,0
22.5,0.6,0,229,0
23.0,0.7,0,318,0
23.7,0.5,1,243,0
23.5,0.5,1,295,0
22.6,0.5,0,248,0
22.8,0.6,0,238,0
22.5,0.5,0,306,0
23.7,0.7,0,172,0
23.1,0.5,0,116,0
23.3,0.5,1,165,0
23.5,0.6,0,315,0
23.9,0.6,1,201,0
23.9,0.5,1,263,0
22.1,0.5,0,295,0
23.3,0.6,1,201,0
23.4,0.5,0,154,0
22.2,0.7,0,241,0
22.5,0.6,1,179,0
23.4,0.5,1,124,0
22.0,0.5,0,340,0
23.7,0.5,1,335,0
23.2,0.6,0,250,0
23.3,0.6,1,218,0
23.2,0.7,1,290,0
24.0,0.4,0,265,0
22.2,0.4,1,221,0
23.4,0.7,0,135,0
22.1,0.7,1,268,0
22.4,0.5,0,260,0
22.6,0.8,0,264,0
23.3,0.4,0,209,0
23.9,0.5,1,237,0
24.0,0.6,0,325,0
23.9,0.8,1,159,0
23.7,0.6,1,114,0
22.4,0.5,1,135,0
22.4,0.6,0,289,0
22.7,0.8,1,132,0
22.9,0.7,0,174,0
22.8,0.5,0,189,0
23.5,0.6,1,338,0
23.4,0.6,1,153,0
22.3,0.7,0,188,0
22.4,0.5,1,291,0
23.2,0.8,0,347,0
23.8,0.7,0,232,0
23.9,0.7,0,257,0
22.6,0.6,0,259,0
23.9,0.6,1,188,0
23.0,0.5,1,329,0
23.5,0.7,0,322,0
22.8,0.5,0,193,0
22.1,0.7,1,231,0
22.4,0.6,0,187,0
23.3,0.5,1,221,0
22.6,0.8,1,201,0
22.4,0.7,0,232,0
22.9,0.4,0,119,0
23.3,0.4,0,316,0
23.5,0.4,1,268,0
22.8,0.6,0,141,0
22.9,0.4,1,263,0
22.2,0.5,0,183,0
23.5,0.6,1,348,0
22.7,0.4,0,347,0
23.4,0.5,1,210,0
22.3,0.5,1,287,0
22.5,0.5,0,215,0
23.9,0.5,0,117,0
23.6,0.5,0,210,0
23.4,0.5,0,121,0
22.1,0.5,0,344,0
22.6,0.6,0,217,0
22.5,0.7,1,305,0
23.2,0.7,0,308,0
23.8,0.6,1,126,0
22.1,0.5,1,306,0
23.2,0.8,0,149,0
23.8,0.7,0,306,0
23.5,0.5,0,305,0
22.9,0.5,1,126,0
22.8,0.4,1,222,0
23.1,0.7,0,285,0
22.3,0.4,0,231,0
23.5,0.4,0,167,0
23.1,0.6,1,219,0
22.5,0.5,1,170,0
23.1,0.6,0,110,0
22.7,0.8,0,284,0
22.8,0.6,1,229,0
22.3,0.7,1,217,0
22.7,0.5,1,336,0
23.8,0.5,1,306,0
22.6,0.5,1,246,0
23.9,0.7,1,196,0
22.3,0.8,0,167,0
22.5,0.7,1,229,0
22.9,0.7,0,272,0
23.2,0.7,0,280,0
23.8,0.6,1,272,0
22.4,0.6,1,142,0
23.4,0.8,0,331,0
22.4,0.6,0,128,0
23.3,0.6,1,233,0
22.6,0.5,1,347,0
23.5,0.5,0,184,0
22.2,0.4,0,199,0
23.5,0.5,0,295,0
22.4,0.8,1,207,0
23.3,0.8,1,333,0
23.5,0.7,1,236,0
22.4,0.5,1,229,0
23.3,0.6,0,304,0
23.1,0.5,0,316,0
22.4,0.8,0,254,0
22.1,0.7,1,135,0
23.1,0.7,0,248,0
22.5,0.6,1,344,0
23.1,0.8,0,136,0
23.7,0.7,1,110,0
22.3,0.7,0,234,0
23.0,0.8,1,171,0
23.9,0.5,1,252,0
23.7,0.7,1,117,0
22.6,0.6,0,297,0
22.8,0.5,0,251,0
22.7,0.5,0,241,0
23.5,0.7,1,132,0
22.8,0.6,0,323,0
23.2,0.5,0,173,0
23.2,0.8,0,220,0
23.2,0.7,1,115,0
22.7,0.5,1,132,0
23.8,0.5,0,336,0
22.1,0.8,1,259,0
22.3,0.4,1,289,0
22.7,0.4,0,174,0
22.0,0.5,0,249,0
23.2,0.8,1,349,0
23.5,0.5,0,254,0
23.2,0.6,1,344,0
22.9,0.7,1,249,0
22.7,0.6,1,309,0
22.8,0.7,0,151,0
22.5,0.5,0,145,0
23.1,0.5,1,328,0
23.3,0.6,0,262,0
23.0,0.5,0,144,0
23.1,0.5,0,275,0
22.8,0.6,0,259,0
22.8,0.5,0,307,0
23.1,0.7,0,140,0
22.7,0.6,1,348,0
22.4,0.7,1,219,0
23.2,0.7,1,317,0
23.9,0.5,0,313,0
23.9,0.5,0,299,0
22.2,0.6,1,116,0
22.3,0.6,1,180,0
22.1,0.5,0,150,0
22.8,0.7,1,210,0
23.5,0.5,1,185,0
22.5,0.6,0,238,0
23.9,0.7,1,229,0
23.9,0.8,0,168,0
22.7,0.7,0,160,0
22.5,0.6,1,170,0
23.5,0.6,1,317,0
23.1,0.4,0,193,0
22.8,0.5,0,120,0
23.7,0.5,1,121,0
23.0,0.7,1,347,0
23.5,0.6,1,165,0
23.7,0.6,1,202,0
23.1,0.6,0,336,0
23.6,0.4,1,268,0
22.5,0.8,0,313,0
22.8,0.5,0,193,0
22.0,0.5,1,348,0
23.1,0.7,1,130,0
22.1,0.6,0,135,0
22.3,0.7,1,142,0
22.7,0.6,0,121,0
22.3,0.5,0,284,0
22.9,0.5,0,136,0
23.6,0.5,1,205,0
23.3,0.5,1,118,0
22.1,0.5,1,185,0
23.6,0.6,0,156,0
22.2,0.5,0,268,0
23.4,0.5,1,121,0
22.4,0.7,0,203,0
23.6,0.8,1,335,0
22.6,0.4,1,263,0
23.9,0.7,0,286,0
22.2,0.7,1,336,0
23.7,0.5,0,345,0
23.0,0.5,0,326,0
23.2,0.8,0,248,0
23.6,0.7,0,167,0
23.7,0.8,0,112,0
23.7,0.5,0,200,0
22.3,0.4,0,116,0
23.6,0.6,0,269,0
23.6,0.7,1,161,0
23.6,0.5,1,175,0
23.9,0.8,1,225,0
23.9,0.7,1,271,0
22.2,0.7,0,293,0
23.7,0.7,0,230,0
23.7,0.6,1,125,0
22.1,0.6,0,283,0
22.8,0.4,1,159,0
23.1,0.8,1,119,0
22.2,0.6,0,220,0
22.8,0.7,1,228,0
23.2,0.8,1,277,0
22.2,0.6,1,285,0
22.4,0.8,1,321,0
23.1,0.8,0,316,0
22.3,0.7,0,158,0
22.2,0.7,0,292,0
22.5,0.6,0,259,0
23.2,0.7,0,162,0
22.6,0.5,1,289,0
23.6,0.7,0,215,0
22.3,0.6,0,250,0
23.1,0.5,0,179,0
23.6,0.7,1,279,0
23.8,0.6,0,226,0
22.1,0.6,0,154,0
23.7,0.6,0,130,0
22.5,0.7,0,227,0
22.1,0.5,1,315,0
22.7,0.8,1,297,0
22.5,0.5,0,264,0
22.4,0.6,0,206,0
22.2,0.5,0,294,0
23.7,0.6,1,242,0
24.0,0.5,0,122,0
22.1,0.5,0,231,0
23.5,0.7,1,195,0
23.0,0.8,1,178,0
23.4,0.5,1,350,0
23.4,0.6,1,330,0
22.2,0.5,1,211,0
22.7,0.6,0,300,0
22.5,0.7,0,197,0
23.4,0.7,1,182,0
22.8,0.6,0,164,0
23.7,0.5,1,139,0
22.2,0.7,1,328,0
22.4,0.6,1,304,0
22.4,0.8,1,239,0
22.9,0.8,1,310,0
23.1,0.7,0,193,0
22.8,0.6,1,148,0
22.8,0.5,0,329,0
23.2,0.7,1,340,0
23.7,0.4,1,254,0
22.8,0.7,1,121,0
23.8,0.5,1,268,0
23.4,0.7,1,162,0
23.9,0.6,1,312,0
23.4,0.7,1,348,0
23.8,0.8,0,252,0
22.8,0.8,0,249,0
23.0,0.7,0,316,0
24.0,0.8,1,300,0
22.2,0.5,1,227,0
23.6,0.5,1,183,0
23.6,0.5,1,114,0
23.7,0.6,1,300,0
23.0,0.5,1,333,0
24.0,0.7,1,298,0
23.5,0.4,1,283,0
22.4,0.5,0,259,0
23.7,0.6,1,268,0
23.9,0.6,1,267,0
24.0,0.7,0,144,0
22.3,0.7,1,122,0
23.6,0.7,0,156,0
23.0,0.6,1,244,0
23.3,0.8,0,221,0
22.3,0.8,1,164,0
22.4,0.7,1,249,0
22.7,0.8,0,196,0
23.3,0.6,0,112,0
22.4,0.5,0,252,0
23.2,0.8,0,140,0
23.8,0.7,0,293,0
23.3,0.8,1,183,0
23.0,0.7,1,260,0
23.8,0.5,1,169,0
23.7,0.6,1,346,0
23.9,0.5,0,263,0
23.6,0.6,1,146,0
23.9,0.4,1,308,0
22.2,0.5,1,309,0
22.6,0.6,1,242,0
22.8,0.4,1,324,0
23.0,0.7,1,294,0
22.1,0.7,1,267,0
23.1,0.7,1,154,0
22.5,0.5,0,145,0
23.3,0.5,1,199,0
23.6,0.4,1,341,0
22.5,0.8,0,325,0
22.5,0.4,1,161,0
23.1,0.6,1,122,0
23.0,0.8,1,259,0
23.4,0.7,1,322,0
22.7,0.5,1,233,0
23.8,0.5,0,287,0
23.6,0.4,0,343,0
23.1,0.8,1,266,0
22.8,0.7,1,342,0
22.4,0.6,0,308,0
22.8,0.5,1,173,0
23.1,0.6,1,326,0
22.2,0.4,1,231,0
23.0,0.5,1,244,0
22.5,0.7,0,120,0
22.3,0.6,0,293,0
23.2,0.5,1,120,0
22.0,0.4,1,112,0
23.3,0.7,1,302,0
23.3,0.6,1,331,0
22.3,0.5,0,221,0
23.4,0.6,1,213,0
23.6,0.7,0,134,0
23.0,0.6,0,307,0
22.7,0.5,1,154,0
22.0,0.7,1,233,0
23.1,0.6,1,267,0
22.9,0.7,1,261,0
23.5,0.7,0,198,0
22.5,0.8,0,211,0
23.4,0.5,1,142,0
23.2,0.7,0,246,0
23.3,0.5,0,133,0
23.2,0.7,0,309,0
22.7,0.6,0,307,0
22.7,0.7,0,155,0
23.5,0.6,1,285,0
22.3,0.6,1,328,0
23.4,0.5,1,320,0
23.9,0.6,1,169,0
23.5,0.6,0,207,0
23.3,0.7,1,263,0
23.4,0.5,0,281,0
22.2,0.4,0,137,0
23.3,0.5,0,191,0
22.2,0.8,0,135,0
23.9,0.5,1,138,0
23.7,0.6,0,130,0
23.2,0.7,0,338,0
23.2,0.6,0,162,0
23.6,0.6,1,142,0
22.4,0.5,0,110,0
23.3,0.7,1,179,0
23.9,0.8,0,122,0
23.2,0.7,1,204,0
23.1,0.5,0,231,0
23.5,0.6,1,275,0
23.6,0.5,0,238,0
23.7,0.7,0,335,0
22.9,0.4,0,197,0
22.4,0.7,1,174,0
24.0,0.8,0,268,0
22.2,0.8,0,200,0
23.4,0.8,0,128,0
23.8,0.5,1,143,0
23.3,0.6,0,177,0
22.2,0.5,0,156,0
22.6,0.4,0,325,0
22.1,0.5,0,110,0
22.2,0.7,1,298,0
22.3,0.6,0,248,0
23.8,0.6,1,191,0
22.1,0.6,0,276,0
23.6,0.8,1,256,0
23.3,0.5,1,152,0
23.4,0.8,0,346,0
22.3,0.5,0,152,0
23.8,0.5,1,303,0
23.8,0.7,0,147,0
23.2,0.4,1,194,0
23.4,0.5,0,245,0
23.1,0.5,1,241,0
23.2,0.5,1,127,0
22.1,0.8,0,130,0
23.8,0.6,0,350,0
23.5,0.4,1,249,0
22.7,0.8,0,349,0
22.6,0.5,1,199,0
23.9,0.6,0,303,0
23.4,0.6,1,252,0
23.4,0.6,0,137,0
23.6,0.6,1,111,0
22.7,0.6,0,214,0
22.5,0.8,0,220,0
23.9,0.7,0,212,0
22.3,0.5,0,233,0
23.4,0.6,0,112,0
23.4,0.7,0,162,0
23.9,0.7,0,227,0
23.0,0.7,1,176,0
23.9,0.6,1,132,0
22.9,0.6,1,287,0
23.7,0.8,0,161,0
22.3,0.5,1,157,0
23.7,0.6,0,250,0
22.1,0.7,0,175,0
23.5,0.6,1,216,0
22.0,0.5,1,240,0
23.8,0.6,0,170,0
23.6,0.8,0,149,0
22.1,0.4,0,211,0
22.3,0.6,1,182,0
22.7,0.7,1,166,0
22.7,0.6,0,165,0
22.2,0.6,0,200,0
22.6,0.6,1,218,0
22.6,0.4,1,301,0
23.4,0.7,0,336,0
22.8,0.8,1,224,0
23.1,0.7,1,338,0
23.1,0.5,0,144,0
23.7,0.5,1,149,0
23.2,0.5,1,307,0
22.9,0.4,1,237,0
22.3,0.7,0,254,0
22.5,0.5,1,193,0
22.5,0.5,1,187,0
24.0,0.7,0,169,0
22.3,0.5,0,156,0
23.9,0.6,1,229,0
22.5,0.5,0,121,0
23.0,0.4,1,219,0
22.9,0.6,1,123,0
22.7,0.4,0,327,0
22.9,0.5,1,344,0
23.1,0.5,0,193,0
23.7,0.8,0,200,0
22.0,0.5,1,263,0
22.8,0.7,1,176,0
23.2,0.6,0,160,0
23.2,0.4,0,119,0
22.7,0.6,1,322,0
22.6,0.6,0,220,0
23.1,0.4,1,243,0
23.4,0.4,1,212,0
23.8,0.5,1,266,0
22.4,0.7,1,345,0
22.3,0.6,0,339,0
22.9,0.6,0,305,0
23.2,0.4,1,349,0
22.3,0.7,1,314,0
22.2,0.5,1,171,0
22.5,0.7,1,223,0
22.0,0.4,1,114,0
22.4,0.8,1,188,0
23.6,0.7,0,328,0
22.6,0.8,1,259,0
22.1,0.6,1,166,0
22.5,0.5,1,224,0
24.0,0.6,0,129,0
23.3,0.6,1,124,0
22.3,0.5,0,251,0
23.1,0.7,1,171,0
23.6,0.5,1,269,0
23.6,0.4,1,209,0
22.6,0.6,1,169,0
23.3,0.7,0,135,0
22.6,0.4,0,245,0
22.5,0.8,0,214,0
23.9,0.6,1,297,0
22.7,0.5,1,282,0
22.3,0.7,0,308,0
24.0,0.6,0,163,0
23.2,0.5,0,156,0
22.4,0.6,1,326,0
23.8,0.8,1,226,0
22.0,0.5,1,180,0
22.1,0.6,0,213,0
22.8,0.8,1,210,0
22.9,0.5,1,152,0
23.4,0.7,0,346,0
22.3,0.5,0,197,0
24.0,0.8,0,263,0
22.9,0.5,1,166,0
23.3,0.7,0,169,0
23.5,0.4,0,157,0
23.2,0.6,0,222,0
22.9,0.4,0,140,0
23.8,0.7,0,245,0
23.8,0.5,1,194,0
22.0,0.6,0,164,0
22.4,0.8,1,188,0
22.4,0.5,1,139,0
22.1,0.7,1,285,0
23.9,0.8,1,331,0
23.3,0.5,0,289,0
23.2,0.8,0,185,0
23.3,0.5,1,262,0
22.7,0.7,0,236,0
23.5,0.6,1,124,0
23.3,0.7,1,136,0
22.1,0.6,1,190,0
23.7,0.5,1,204,0
22.3,0.6,0,344,0
22.8,0.6,0,225,0
22.7,0.6,0,308,0
23.1,0.6,1,215,0
23.5,0.8,1,346,0
24.0,0.7,0,244,0
23.9,0.6,1,183,0
22.8,0.8,1,213,0
22.2,0.5,0,220,0
22.1,0.5,0,228,0
23.0,0.5,1,176,0
23.0,0.6,1,324,0
23.5,0.6,0,257,0
22.7,0.5,0,305,0
24.0,0.6,1,260,0
23.7,0.5,1,127,0
23.7,0.8,0,274,0
22.6,0.4,1,258,0
22.7,0.7,1,301,0
22.7,0.7,0,327,0
22.7,0.5,0,307,0
22.4,0.5,0,343,0
22.4,0.8,0,196,0
22.7,0.6,1,261,0
23.7,0.7,1,259,0
23.1,0.5,0,235,0
23.5,0.7,1,315,0
23.9,0.7,1,283,0
22.8,0.4,0,202,0
23.3,0.7,0,347,0
22.3,0.6,1,287,0
23.0,0.6,0,236,0
23.1,0.8,1,162,0
23.5,0.7,0,297,0
24.0,0.4,0,124,0
22.2,0.5,0,284,0
23.4,0.5,0,131,0
22.1,0.6,0,346,0
23.3,0.7,1,235,0
22.1,0.6,1,236,0
23.0,0.6,0,294,0
22.9,0.6,0,262,0
22.3,0.8,1,338,0
22.9,0.5,1,228,0
22.6,0.6,0,331,0
22.0,0.4,1,349,0
23.7,0.7,0,141,0
24.0,0.6,1,319,0
23.6,0.8,0,161,0
23.8,0.6,0,286,0
22.3,0.6,1,197,0
22.9,0.7,0,212,0
23.8,0.5,0,280,0
22.1,0.7,1,259,0
23.3,0.5,0,207,0
22.4,0.8,1,202,0
22.2,0.6,0,339,0
23.7,0.7,1,164,0
23.7,0.5,1,113,0
22.2,0.4,0,128,0
22.3,0.6,1,169,0
22.9,0.6,1,156,0
23.3,0.6,0,265,0
23.3,0.8,1,278,0
22.4,0.5,1,184,0
22.1,0.7,1,168,0
22.1,0.6,1,125,0
23.5,0.7,1,258,0
22.9,0.5,0,219,0
22.9,0.8,1,197,0
23.7,0.7,0,325,0
23.5,0.7,1,208,0
23.8,0.6,0,176,0
23.9,0.7,0,120,0
23.0,0.4,0,275,0
23.9,0.6,1,123,0
22.9,0.6,1,331,0
22.8,0.6,1,114,0
22.0,0.7,1,284,0
24.0,0.8,1,233,0
23.3,0.5,1,232,0
22.7,0.5,0,300,0
22.7,0.6,1,324,0
23.8,0.7,1,213,0
23.3,0.5,1,264,0
23.1,0.5,1,178,0
23.4,0.7,0,143,0
23.5,0.6,0,131,0
23.4,0.7,1,219,0
23.3,0.6,1,223,0
23.5,0.7,0,123,0
23.3,0.5,1,186,0
22.4,0.8,0,138,0
23.4,0.7,0,290,0
22.7,0.7,1,242,0
22.9,0.5,0,274,0
22.8,0.7,0,141,0
22.4,0.7,0,347,0
23.3,0.8,0,230,0
23.2,0.7,0,311,0
23.3,0.4,0,314,0
23.2,0.7,0,328,0
23.5,0.4,1,213,0
22.8,0.7,1,160,0
22.9,0.4,1,255,0
22.4,0.6,0,116,0
23.1,0.8,1,349,0
23.3,0.7,1,321,0
23.7,0.6,0,209,0
22.1,0.6,0,346,0
23.3,0.4,0,124,0
23.2,0.6,1,185,0
22.2,0.4,0,156,0
23.5,0.4,1,201,0
23.6,0.6,0,215,0
23.5,0.7,1,301,0
22.4,0.8,1,305,0
22.7,0.5,1,296,0
22.8,0.7,0,132,0
23.3,0.7,1,199,0
23.6,0.4,0,158,0
22.4,0.7,1,348,0
23.4,0.6,1,193,0
22.0,0.5,1,171,0
23.4,0.7,1,300,0
22.8,0.6,0,138,0
22.4,0.7,0,189,0
22.5,0.8,0,236,0
22.6,0.7,1,242,0
22.1,0.5,0,140,0
23.9,0.6,0,173,0
23.7,0.8,1,223,0
23.7,0.5,1,328,0
23.8,0.7,0,338,0
22.8,0.6,0,318,0
23.8,0.4,1,308,0
22.6,0.5,0,241,0
22.6,0.5,0,120,0
23.4,0.5,1,175,0
23.3,0.5,1,323,0
23.6,0.5,0,136,0
23.6,0.5,0,265,0
23.4,0.6,0,285,0
23.0,0.7,0,205,0
23.1,0.5,0,195,0
22.1,0.7,1,311,0
23.7,0.7,1,231,0
23.7,0.6,0,158,0
22.5,0.7,0,239,0
23.6,0.7,1,336,0
22.2,0.7,0,249,0
24.0,0.5,1,241,0
22.3,0.8,0,233,0
22.7,0.7,1,290,0
22.9,0.8,0,147,0
24.0,0.7,1,129,0
23.4,0.6,1,204,0
23.0,0.6,1,252,0
22.9,0.6,0,208,0
23.4,0.6,1,211,0
22.1,0.6,1,337,0
22.6,0.7,1,258,0
22.0,0.6,0,295,0
22.4,0.6,0,199,0
22.3,0.5,1,249,0
23.9,0.8,0,188,0
23.8,0.7,1,328,0
23.5,0.6,0,178,0
23.6,0.6,1,138,0
22.6,0.5,1,308,0
22.4,0.4,0,120,0
22.4,0.7,0,231,0
23.3,0.5,1,234,0
22.4,0.5,0,308,0
23.7,0.5,0,126,0
22.8,0.7,0,203,0
22.7,0.8,1,207,0
22.3,0.6,1,297,0
22.9,0.7,1,133,0
23.0,0.8,0,183,0
23.8,0.7,0,170,0
22.1,0.6,0,272,0
22.4,0.5,0,350,0
23.2,0.7,0,206,0
22.3,0.7,1,253,0
22.1,0.6,0,186,0
23.3,0.7,1,326,0
22.1,0.7,0,309,0
23.3,0.7,1,158,0
22.8,0.5,1,273,0
23.5,0.7,0,126,0
23.3,0.7,1,299,0
22.4,0.6,0,131,0
23.2,0.6,1,308,0
22.3,0.7,0,243,0
23.5,0.6,1,346,0
22.8,0.7,0,335,0
22.7,0.5,1,258,0
22.7,0.5,0,116,0
22.7,0.5,1,348,0
22.7,0.8,0,291,0
22.8,0.8,0,231,0
22.8,0.8,0,200,0
23.4,0.4,1,255,0
23.1,0.6,1,336,0
22.0,0.5,1,257,0
23.9,0.7,0,243,0
22.5,0.6,0,311,0
23.0,0.6,1,118,0
23.6,0.6,1,340,0
22.4,0.5,0,184,0
23.3,0.6,1,196,0
22.5,0.4,1,292,0
23.1,0.7,0,192,0
22.8,0.7,0,238,0
23.3,0.6,1,164,0
23.0,0.5,1,275,0
22.1,0.5,0,113,0
23.7,0.7,0,115,0
22.3,0.6,1,293,0
23.5,0.7,0,185,0
23.4,0.4,1,241,0
23.1,0.6,0,219,0
23.1,0.5,1,158,0
23.3,0.5,1,204,0
23.0,0.8,0,323,0
22.7,0.5,1,127,0
22.6,0.4,1,254,0
23.9,0.7,1,300,0
23.4,0.5,0,147,0
22.3,0.5,0,348,0
23.7,0.7,0,227,0
23.6,0.5,1,203,0
23.7,0.8,1,300,0
23.2,0.5,1,110,0
22.7,0.6,1,350,0
23.2,0.7,0,270,0
22.5,0.6,1,339,0
23.8,0.4,0,234,0
22.8,0.8,0,334,0
23.2,0.5,1,261,0
22.4,0.6,1,201,0
23.7,0.6,1,173,0
22.8,0.4,0,209,0
22.7,0.6,1,192,0
23.6,0.7,0,196,0
23.6,0.4,0,236,0
23.7,0.4,0,208,0
23.8,0.6,0,326,0
22.2,0.8,1,168,0
22.3,0.5,0,316,0
23.1,0.6,0,330,0
22.4,0.7,1,127,0
23.6,0.5,0,172,0
23.0,0.5,1,267,0
23.6,0.4,1,146,0
23.2,0.4,1,200,0
23.5,0.7,1,253,0
23.0,0.6,0,157,0
22.7,0.7,0,216,0
23.1,0.6,1,280,0
23.7,0.5,0,237,0
22.7,0.5,0,212,0
23.4,0.4,0,135,0
22.9,0.6,1,184,0
22.4,0.5,0,350,0
22.7,0.8,0,189,0
22.3,0.8,1,341,0
23.7,0.8,0,229,0
23.0,0.6,1,325,0
22.2,0.5,0,286,0
23.9,0.4,0,327,0
23.0,0.4,1,239,0
22.9,0.4,0,139,0
23.6,0.6,0,306,0
24.0,0.6,1,300,0
22.4,0.4,1,218,0
22.1,0.8,1,117,0
23.9,0.5,1,136,0
23.8,0.7,1,229,0
22.6,0.4,0,189,0
22.3,0.8,1,161,0
22.5,0.8,1,303,0
23.5,0.6,0,300,0
23.1,0.8,1,331,0
23.4,0.5,1,117,0
22.3,0.8,0,155,0
22.2,0.6,0,319,0
23.9,0.4,1,201,0
23.5,0.6,0,306,0
22.5,0.5,0,273,0
23.1,0.6,1,148,0
23.1,0.6,1,131,0
22.6,0.8,0,312,0
23.7,0.6,1,183,0
22.2,0.8,0,332,0
22.2,0.7,0,133,0
23.3,0.7,0,117,0
23.9,0.7,0,115,0
23.2,0.4,0,139,0
23.4,0.7,1,321,0
22.6,0.7,0,171,0
23.2,0.8,0,186,0
23.4,0.7,0,325,0
23.9,0.7,0,243,0
22.8,0.8,1,297,0
23.1,0.4,0,262,0
22.9,0.6,1,207,0
22.9,0.6,1,347,0
23.7,0.7,0,179,0
22.6,0.6,1,325,0
22.1,0.6,1,137,0
24.0,0.6,1,222,0
22.6,0.5,0,248,0
22.8,0.6,1,129,0
22.7,0.8,0,136,0
23.7,0.7,1,350,0
22.2,0.6,1,249,0
22.9,0.5,0,296,0
22.3,0.6,1,184,0
22.1,0.4,1,153,0
22.9,0.8,0,344,0
22.3,0.6,1,228,0
22.4,0.5,1,274,0
23.4,0.8,1,146,0
23.3,0.6,0,220,0
22.9,0.5,0,268,0
23.0,0.5,1,316,0
22.8,0.5,1,162,0
23.9,0.7,1,211,0
23.4,0.6,0,258,0
23.5,0.4,0,334,0
22.5,0.8,1,170,0
22.9,0.7,1,340,0
22.4,0.6,0,123,0
23.2,0.5,1,184,0
22.7,0.7,0,298,0
23.9,0.4,0,224,0
22.5,0.6,0,254,0
22.8,0.5,1,329,0
22.1,0.8,0,253,0
23.2,0.6,0,345,0
22.9,0.4,0,155,0
22.4,0.5,0,285,0
22.8,0.5,0,173,0
23.0,0.8,1,190,0
22.0,0.8,1,340,0
23.3,0.6,1,159,0
22.3,0.6,0,135,0
22.5,0.4,1,306,0
22.5,0.6,0,115,0
22.3,0.6,0,329,0
22.9,0.4,0,267,0
22.3,0.6,0,347,0
23.3,0.6,0,282,0
22.9,0.5,0,131,0
23.6,0.7,0,246,0
22.6,0.4,0,256,0
22.3,0.4,0,327,0
22.2,0.4,1,344,0
22.8,0.5,1,118,0
22.4,0.6,0,244,0
23.8,0.7,1,215,0
23.9,0.5,0,242,0
23.4,0.6,0,223,0
23.4,0.5,0,268,0
23.0,0.7,1,141,0
22.0,0.5,0,205,0
22.6,0.7,1,149,0
22.7,0.7,0,324,0
23.0,0.7,1,247,0
22.0,0.5,1,114,0
22.2,0.7,1,283,0
22.5,0.4,1,271,0
23.2,0.6,0,156,0
23.3,0.6,0,121,0
23.0,0.7,1,237,0
23.3,0.8,1,201,0
22.5,0.6,1,118,0
23.6,0.7,1,314,0
22.6,0.4,0,268,0
22.8,0.8,1,267,0
22.3,0.6,1,256,0
22.4,0.5,0,112,0
22.3,0.5,0,338,0
22.2,0.7,0,183,0
22.1,1.1,1,387,1
21.4,0.9,1,412,1
22.5,0.9,1,617,1
21.4,1.2,1,628,1
21.7,1.2,1,466,1
21.5,0.9,1,629,1
21.7,1.0,1,377,1
21.7,0.8,1,583,1
21.5,1.0,1,511,1
21.7,1.0,1,452,1
21.3,1.1,1,489,1
22.1,1.0,1,431,1
22.3,1.0,1,526,1
21.4,1.1,1,614,1
22.4,0.9,1,626,1
21.0,1.0,1,508,1
21.7,1.1,1,490,1
21.2,1.0,1,559,1
22.5,1.0,1,497,1
22.0,1.1,1,565,1
21.1,0.9,1,456,1
21.4,0.9,1,373,1
22.2,1.1,1,409,1
21.9,1.1,1,686,1
21.3,1.1,1,644,1
21.7,1.2,1,529,1
22.5,1.0,1,497,1
21.4,1.1,1,562,1
21.1,0.8,1,658,1
22.1,0.9,1,476,1
22.1,0.8,1,693,1
22.3,1.1,1,495,1
22.3,0.9,1,505,1
22.5,0.9,1,688,1
21.3,1.1,1,392,1
22.1,0.8,1,365,1
21.3,0.8,1,610,1
21.6,1.1,1,514,1
21.1,0.9,1,567,1
21.0,1.0,1,603,1
21.7,1.2,1,603,1
22.0,1.1,1,353,1
21.3,0.9,1,384,1
21.0,1.1,1,454,1
21.9,1.2,1,629,1
21.8,0.8,1,486,1
21.4,1.0,1,420,1
21.7,1.0,1,692,1
21.4,1.0,1,545,1
22.0,1.2,1,633,1
22.1,1.1,1,400,1
21.4,1.1,1,666,1
21.7,0.8,1,693,1
22.2,1.0,1,405,1
21.2,1.2,1,607,1
22.1,0.9,1,689,1
21.6,1.0,1,632,1
21.2,1.2,1,563,1
21.1,0.8,1,650,1
21.7,1.1,1,439,1
22.0,1.1,1,519,1
21.5,1.0,1,498,1
22.5,1.1,1,651,1
22.2,1.1,1,617,1
21.5,1.0,1,692,1
21.3,0.8,1,433,1
21.3,0.9,1,652,1
21.7,1.0,1,451,1
22.3,1.2,1,534,1
22.3,1.1,1,468,1
21.9,1.0,1,645,1
22.1,0.8,1,580,1
21.8,0.9,1,647,1
21.3,1.0,1,473,1
21.6,1.0,1,481,1
22.2,0.9,1,654,1
22.2,1.0,1,430,1
21.5,1.1,1,441,1
21.2,1.0,1,432,1
21.3,1.0,1,671,1
21.6,0.9,1,367,1
22.0,0.9,1,640,1
21.4,1.0,1,369,1
22.2,1.1,1,633,1
21.3,0.9,1,457,1
21.3,1.1,1,396,1
22.3,0.9,1,441,1
22.2,0.9,1,594,1
21.9,1.2,1,620,1
21.6,1.0,1,576,1
22.5,1.0,1,663,1
22.1,0.9,1,636,1
22.0,0.8,1,645,1
21.4,1.0,1,370,1
22.5,1.1,1,429,1
22.4,1.1,1,668,1
21.1,1.0,1,695,1
22.1,1.0,1,410,1
21.0,1.1,1,530,1
22.4,1.2,1,407,1
21.2,0.9,1,676,1
21.1,0.9,1,590,1
22.0,1.0,1,584,1
21.2,1.0,1,363,1
21.7,0.8,1,525,1
22.1,1.0,1,571,1
21.4,1.2,1,469,1
21.2,1.0,1,462,1
21.3,0.9,1,355,1
21.4,1.1,1,439,1
21.4,1.2,1,426,1
21.9,1.1,1,592,1
22.1,1.0,1,570,1
21.4,1.2,1,599,1
22.1,0.9,1,511,1
21.1,1.2,1,695,1
22.0,1.2,1,659,1
22.1,0.8,1,470,1
21.4,1.2,1,529,1
22.2,1.1,1,619,1
22.4,1.0,1,466,1
22.3,0.9,1,553,1
22.5,1.0,1,481,1
22.3,1.1,1,392,1
21.9,0.9,1,475,1
21.4,1.1,1,638,1
21.6,1.2,1,596,1
22.0,1.1,1,542,1
22.4,1.1,1,612,1
21.8,1.1,1,408,1
21.8,0.9,1,513,1
21.3,0.9,1,608,1
21.6,1.0,1,662,1
21.0,1.0,1,682,1
21.4,1.2,1,639,1
21.3,0.8,1,502,1
21.5,1.0,1,580,1
22.4,0.9,1,372,1
21.4,1.0,1,356,1
21.4,1.1,1,614,1
21.4,1.2,1,463,1
21.2,0.8,1,502,1
22.4,0.9,1,484,1
21.8,0.9,1,495,1
21.3,0.9,1,667,1
21.6,1.2,1,614,1
21.5,1.1,1,656,1
21.5,0.9,1,491,1
22.2,1.1,1,514,1
21.1,1.2,1,534,1
21.6,1.0,1,361,1
22.5,0.9,1,463,1
21.5,0.9,1,611,1
21.7,1.0,1,521,1
21.5,0.8,1,528,1
22.0,1.1,1,550,1
21.7,1.2,1,609,1
21.5,1.0,1,528,1
22.2,1.1,1,691,1
22.3,0.9,1,575,1
22.2,0.9,1,478,1
21.6,0.8,1,448,1
22.4,0.9,1,570,1
21.8,1.2,1,638,1
21.2,1.0,1,482,1
22.0,1.0,1,480,1
22.1,1.1,1,403,1
21.7,1.0,1,640,1
22.5,1.0,1,556,1
22.0,1.1,1,443,1
21.7,1.1,1,404,1
21.2,1.1,1,408,1
21.6,1.2,1,572,1
21.6,1.2,1,415,1
21.5,1.2,1,417,1
22.2,1.1,1,357,1
22.3,0.8,1,486,1
22.1,0.9,1,460,1
21.2,1.2,1,389,1
21.6,0.9,1,688,1
22.1,1.2,1,662,1
21.9,0.8,1,495,1
21.1,0.9,1,499,1
21.9,1.2,1,644,1
22.2,1.0,1,630,1
21.2,1.1,1,404,1
22.2,0.9,1,500,1
21.4,1.0,1,366,1
22.2,1.2,1,371,1
21.1,0.9,1,655,1
21.2,0.9,1,552,1
21.3,1.1,1,386,1
21.3,0.9,1,359,1
21.6,1.1,1,410,1
22.3,1.0,1,547,1
22.3,1.0,1,551,1
22.3,0.9,1,433,1
21.2,1.0,1,379,1
21.8,1.2,1,455,1
21.3,0.8,1,461,1
22.1,1.2,1,366,1
22.1,0.9,1,628,1
21.4,0.9,1,375,1
21.7,1.0,1,430,1
21.2,1.1,1,582,1
21.5,0.9,1,356,1
21.4,1.1,1,641,1
22.0,0.9,1,456,1
21.8,1.0,1,437,1
22.5,1.0,1,594,1
21.3,1.0,1,647,1
21.2,0.9,1,507,1
21.3,1.0,1,644,1
21.3,0.8,1,687,1
21.7,0.8,1,571,1
21.6,0.8,1,392,1
22.1,1.2,1,492,1
21.0,1.0,1,569,1
21.9,0.9,1,557,1
21.5,1.1,1,394,1
21.0,1.1,1,408,1
21.2,0.8,1,578,1
22.0,1.0,1,552,1
21.5,1.0,1,695,1
21.5,1.2,1,679,1
21.6,1.2,1,402,1
22.2,1.1,1,465,1
21.4,1.1,1,397,1
22.1,1.0,1,416,1
21.5,0.8,1,390,1
21.7,1.1,1,371,1
22.4,0.9,1,570,1
21.7,1.2,1,614,1
21.8,0.9,1,526,1
21.1,0.9,1,420,1
21.8,0.9,1,428,1
21.2,0.9,1,376,1
21.2,1.0,1,357,1
21.9,1.0,1,617,1
21.8,1.0,1,513,1
21.4,1.2,1,556,1
21.5,0.9,1,565,1
22.4,0.9,1,673,1
22.0,1.0,1,664,1
21.4,1.0,1,445,1
21.6,1.1,1,481,1
21.4,1.1,1,449,1
21.4,1.0,1,692,1
21.1,1.1,1,536,1
21.1,1.1,1,494,1
22.1,0.9,1,631,1
21.4,1.0,1,431,1
22.2,1.1,1,500,1
21.6,1.0,1,375,1
21.3,0.9,1,598,1
21.9,1.0,1,683,1
21.1,1.0,1,353,1
22.3,0.9,1,437,1
21.8,1.1,1,464,1
22.3,1.2,1,695,1
22.3,1.1,1,620,1
22.2,0.8,1,364,1
21.6,1.1,1,630,1
21.9,0.9,1,479,1
22.3,1.1,1,372,1
21.4,1.2,1,482,1
21.8,1.0,1,472,1
21.7,0.8,1,542,1
21.9,1.1,1,391,1
21.0,0.9,1,666,1
21.8,0.8,1,591,1
22.1,1.0,1,445,1
21.9,0.9,1,373,1
22.4,1.0,1,556,1
22.2,0.9,1,550,1
21.6,0.9,1,628,1
21.2,0.9,1,491,1
21.5,1.1,1,669,1
21.3,0.8,1,531,1
21.0,1.0,1,422,1
21.3,1.1,1,647,1
22.3,1.1,1,468,1
21.5,1.1,1,525,1
22.0,1.0,1,547,1
22.4,1.1,1,696,1
21.9,1.1,1,463,1
21.6,0.8,1,428,1
21.8,1.0,1,506,1
21.5,1.1,1,350,1
21.0,1.0,1,440,1
21.2,1.0,1,495,1
21.9,0.8,1,362,1
21.4,1.0,1,427,1
21.6,0.9,1,543,1
21.2,1.1,1,649,1
22.0,0.8,1,549,1
21.2,1.1,1,590,1
21.7,1.1,1,439,1
21.5,1.1,1,624,1
21.1,1.2,1,459,1
22.4,1.0,1,602,1
22.1,1.1,1,674,1
22.4,1.0,1,425,1
22.4,1.0,1,669,1
21.3,1.0,1,445,1
21.5,0.8,1,641,1
21.7,1.2,1,530,1
21.6,0.9,1,572,1
22.0,1.2,1,355,1
21.2,0.9,1,438,1
22.4,1.0,1,688,1
21.7,0.8,1,557,1
21.2,1.0,1,555,1
21.9,0.9,1,667,1
22.0,0.9,1,359,1
21.2,1.2,1,630,1
21.6,1.1,1,657,1
21.7,1.1,1,564,1
21.7,1.1,1,441,1
21.4,1.1,1,480,1
21.8,1.2,1,380,1
21.1,1.1,1,504,1
21.6,0.8,1,643,1
21.1,1.1,1,402,1
21.1,0.9,1,367,1
22.3,1.0,1,483,1
22.3,0.8,1,610,1
21.5,0.9,1,499,1
21.4,1.1,1,424,1
22.2,1.0,1,575,1
21.8,1.0,1,587,1
22.3,1.1,1,555,1
22.0,1.0,1,636,1
22.1,1.2,1,368,1
22.5,1.0,1,585,1
22.0,0.9,1,413,1
22.3,0.9,1,597,1
21.7,1.1,1,405,1
21.8,1.1,1,396,1
21.2,1.0,1,671,1
22.4,1.1,1,536,1
21.1,0.9,1,544,1
22.5,0.8,1,359,1
21.2,1.2,1,613,1
22.0,1.1,1,517,1
21.9,1.2,1,565,1
21.3,1.1,1,451,1
22.3,0.9,1,434,1
22.2,1.0,1,603,1
21.5,1.0,1,572,1
21.4,1.1,1,536,1
21.0,1.0,1,471,1
21.7,1.1,1,587,1
22.3,1.0,1,530,1
21.2,0.9,1,626,1
21.5,1.2,1,695,1
22.1,1.0,1,628,1
21.3,1.1,1,698,1
21.3,1.0,1,439,1
22.0,1.0,1,575,1
21.8,0.9,1,652,1
21.9,1.2,1,618,1
21.4,1.1,1,605,1
22.2,0.8,1,450,1
22.4,1.0,1,587,1
22.0,0.8,1,457,1
21.8,1.0,1,511,1
21.6,0.8,1,572,1
22.3,0.9,1,690,1
22.0,0.9,1,351,1
22.0,1.1,1,456,1
21.1,1.0,1,686,1
21.8,1.1,1,366,1
21.5,0.9,1,389,1
22.0,1.1,1,642,1
22.3,0.8,1,505,1
21.2,0.9,1,351,1
22.0,1.1,1,624,1
21.0,1.1,1,473,1
21.5,1.0,1,450,1
21.2,0.9,1,357,1
21.4,1.0,1,590,1
21.8,0.9,1,538,1
21.4,1.0,1,471,1
21.9,1.0,1,456,1
21.9,0.9,1,469,1
21.0,1.0,1,439,1
22.0,1.0,1,517,1
21.0,1.1,1,352,1
22.3,0.8,1,516,1
21.0,1.0,1,659,1
21.4,0.8,1,683,1
22.0,0.9,1,372,1
22.2,1.2,1,563,1
21.7,1.1,1,557,1
21.7,1.0,1,677,1
21.9,0.9,1,599,1
21.5,1.1,1,584,1
22.0,1.2,1,356,1
21.7,1.1,1,534,1
22.0,1.2,1,587,1
21.6,1.0,1,390,1
22.1,0.9,1,600,1
21.1,0.8,1,451,1
22.2,1.1,1,651,1
21.4,0.9,1,406,1
21.2,0.9,1,639,1
22.5,0.8,1,645,1
22.1,0.8,1,440,1
22.2,0.9,1,665,1
21.2,1.2,1,427,1
21.7,1.0,1,572,1
22.2,1.0,1,494,1
22.2,0.8,1,648,1
21.5,1.1,1,465,1
22.2,1.1,1,554,1
21.3,1.1,1,507,1
22.5,1.0,1,583,1
22.3,1.1,1,441,1
22.0,1.1,1,581,1
22.0,1.0,1,396,1
22.3,0.9,1,574,1
21.5,0.9,1,475,1
21.8,0.8,1,513,1
21.9,1.0,1,366,1
21.7,1.1,1,556,1
21.1,1.1,1,649,1
21.8,1.1,1,383,1
21.5,1.1,1,469,1
22.4,1.0,1,430,1
21.8,0.9,1,594,1
21.9,0.9,1,549,1
21.8,0.9,1,520,1
21.1,1.1,1,521,1
22.4,0.9,1,693,1
21.7,1.0,1,416,1
22.1,1.1,1,376,1
21.4,1.1,1,603,1
21.7,1.0,1,688,1
21.5,1.1,1,528,1
21.2,0.9,1,651,1
21.9,0.9,1,550,1
22.3,1.1,1,599,1
21.2,1.0,1,576,1
21.6,0.9,1,352,1
22.5,1.1,1,672,1
21.1,1.0,1,615,1
22.1,1.0,1,491,1
21.1,1.0,1,388,1
21.5,0.8,1,436,1
22.0,0.9,1,431,1
21.3,1.0,1,513,1
22.2,1.2,1,488,1
21.1,0.9,1,645,1
22.1,1.2,1,627,1
21.0,1.0,1,424,1
21.1,0.9,1,511,1
21.1,1.0,1,652,1
22.5,0.9,1,577,1
22.3,0.9,1,697,1
22.4,1.1,1,559,1
21.8,1.1,1,592,1
22.1,0.9,1,657,1
22.0,1.1,1,654,1
21.6,0.8,1,383,1
22.2,1.1,1,660,1
21.8,1.1,1,355,1
21.7,1.1,1,683,1
21.8,0.9,1,367,1
21.8,1.1,1,377,1
21.1,0.8,1,361,1
21.1,0.9,1,587,1
21.8,1.1,1,573,1
22.0,1.2,1,674,1
21.4,0.9,1,613,1
22.4,1.2,1,361,1
21.7,1.0,1,588,1
21.4,1.1,1,424,1
21.1,1.2,1,601,1
21.1,0.9,1,576,1
21.5,0.9,1,556,1
21.7,1.2,1,470,1
22.3,0.9,1,404,1
21.4,1.0,1,453,1
22.4,1.2,1,387,1
22.4,1.1,1,613,1
22.3,1.0,1,571,1
22.4,1.1,1,538,1
21.7,1.0,1,512,1
22.2,0.9,1,355,1
21.2,1.0,1,569,1
21.4,1.2,1,596,1
21.2,0.8,1,488,1
21.8,1.1,1,606,1
21.3,0.8,1,407,1
22.5,1.2,1,368,1
22.3,1.0,1,364,1
22.3,0.8,1,542,1
22.3,1.2,1,544,1
21.8,0.9,1,562,1
22.4,1.2,1,617,1
21.5,1.1,1,401,1
21.9,1.0,1,494,1
22.0,1.1,1,603,1
21.2,1.0,1,416,1
21.9,0.9,1,395,1
22.0,1.1,1,424,1
21.5,1.0,1,652,1
22.0,1.0,1,405,1
21.7,1.2,1,392,1
21.1,0.9,1,478,1
22.4,0.9,1,644,1
21.9,0.8,1,433,1
21.6,0.9,1,394,1
21.3,0.8,1,587,1
22.5,1.0,1,671,1
21.4,1.0,1,531,1
21.4,1.2,1,665,1
22.1,1.0,1,610,1
22.3,1.0,1,471,1
21.6,0.9,1,506,1
21.8,1.0,1,527,1
21.6,0.8,1,422,1
21.1,1.2,1,690,1
22.2,1.2,1,370,1
21.8,1.2,1,515,1
22.0,1.0,1,380,1
22.0,1.0,1,686,1
21.2,1.1,1,432,1
21.8,0.9,1,578,1
22.0,1.2,1,370,1
21.5,1.0,1,557,1
21.7,0.9,1,687,1
22.1,1.0,1,399,1
22.2,0.9,1,561,1
21.9,0.9,1,431,1
21.7,1.1,1,544,1
21.2,1.0,1,566,1
21.4,1.1,1,440,1
22.0,1.1,1,449,1
22.4,1.1,1,615,1
21.6,1.0,1,542,1
21.3,1.1,1,460,1
21.8,0.9,1,602,1
21.4,1.1,1,432,1
22.0,0.8,1,635,1
21.4,0.8,1,575,1
22.3,0.8,1,381,1
21.6,1.1,1,452,1
22.4,0.9,1,595,1
22.4,1.1,1,605,1
21.6,0.9,1,519,1
21.0,1.1,1,451,1
21.4,0.8,1,469,1
21.9,1.0,1,556,1
21.5,0.9,1,609,1
21.7,0.9,1,502,1
22.0,1.0,1,405,1
21.6,0.8,1,433,1
21.8,1.0,1,668,1
21.5,0.9,1,550,1
22.0,0.9,1,695,1
22.4,0.9,1,538,1
21.3,0.8,1,451,1
21.0,1.0,1,690,1
21.3,1.0,1,680,1
21.6,1.1,1,666,1
22.0,1.1,1,520,1
22.3,0.8,1,623,1
22.3,1.2,1,364,1
21.1,0.9,1,690,1
22.1,0.8,1,448,1
22.4,0.8,1,605,1
21.3,1.0,1,356,1
21.5,0.9,1,637,1
22.2,1.2,1,572,1
21.5,1.2,1,512,1
21.5,0.9,1,593,1
22.3,1.1,1,374,1
22.2,1.1,1,383,1
22.5,1.1,1,387,1
21.9,1.1,1,522,1
21.0,1.1,1,479,1
21.9,0.9,1,380,1
22.3,0.9,1,430,1
21.4,1.0,1,539,1
21.3,0.9,1,505,1
21.1,1.2,1,633,1
21.3,1.0,1,394,1
22.4,1.2,1,371,1
21.1,0.9,1,520,1
22.0,1.1,1,641,1
21.0,1.1,1,685,1
21.0,0.9,1,693,1
21.2,1.0,1,569,1
21.5,1.2,1,494,1
21.7,1.1,1,485,1
21.1,1.0,1,698,1
22.4,1.2,1,610,1
21.9,1.0,1,489,1
21.8,1.0,1,506,1
21.4,0.8,1,430,1
22.4,1.0,1,483,1
21.9,0.9,1,555,1
21.5,1.2,1,425,1
22.2,1.1,1,387,1
22.1,1.1,1,671,1
22.4,1.2,1,412,1
22.1,1.2,1,433,1
21.7,0.9,1,573,1
22.4,1.0,1,489,1
21.9,1.0,1,697,1
21.6,1.2,1,578,1
21.4,1.2,1,585,1
22.5,1.2,1,615,1
21.7,1.0,1,568,1
21.1,0.9,1,642,1
21.2,1.1,1,452,1
22.0,1.1,1,606,1
21.3,0.8,1,453,1
21.4,1.1,1,611,1
21.2,1.1,1,397,1
22.3,1.2,1,581,1
21.5,1.0,1,611,1
21.2,0.9,1,537,1
22.1,1.2,1,453,1
22.1,1.2,1,556,1
21.5,1.1,1,444,1
22.1,0.9,1,444,1
22.1,0.9,1,461,1
21.6,1.0,1,511,1
22.5,1.2,1,362,1
21.1,1.0,1,634,1
21.6,1.1,1,488,1
21.0,1.0,1,450,1
21.0,0.8,1,627,1
21.8,1.1,1,621,1
21.1,0.9,1,575,1
22.5,1.1,1,462,1
21.5,1.1,1,396,1
22.0,1.2,1,671,1
21.7,1.0,1,423,1
21.1,0.9,1,560,1
21.4,0.9,1,420,1
21.7,1.0,1,555,1
21.9,1.0,1,456,1
21.9,1.1,1,463,1
22.0,1.1,1,662,1
21.9,1.0,1,606,1
21.2,0.9,1,579,1
22.3,0.9,1,426,1
22.2,1.2,1,512,1
21.6,0.9,1,692,1
21.2,1.0,1,694,1
21.6,1.2,1,531,1
21.2,0.9,1,458,1
22.4,0.9,1,524,1
21.4,1.1,1,474,1
21.1,0.9,1,487,1
22.2,1.1,1,569,1
21.2,1.1,1,421,1
22.0,0.9,1,544,1
22.2,1.1,1,560,1
22.0,1.1,1,525,1
22.0,0.9,1,634,1
21.1,1.0,1,406,1
21.2,1.1,1,592,1
22.3,0.8,1,650,1
21.1,0.9,1,590,1
22.1,1.0,1,690,1
22.3,1.2,1,359,1
21.4,0.9,1,700,1
22.5,0.9,1,465,1
22.2,1.0,1,555,1
22.2,1.0,1,515,1
21.7,1.1,1,469,1
21.1,1.0,1,417,1
21.0,0.8,1,389,1
21.5,1.1,1,471,1
21.4,0.9,1,613,1
21.9,0.9,1,414,1
22.3,0.9,1,472,1
21.9,1.2,1,682,1
21.8,1.1,1,449,1
22.4,1.2,1,369,1
21.4,0.9,1,391,1
21.1,1.1,1,609,1
22.0,1.2,1,512,1
21.3,1.1,1,400,1
21.7,1.1,1,476,1
21.2,1.2,1,539,1
22.4,1.0,1,382,1
21.4,1.2,1,575,1
21.1,0.9,1,619,1
21.4,0.9,1,429,1
22.2,1.1,1,666,1
21.5,0.8,1,580,1
22.0,1.0,1,604,1
22.0,1.1,1,513,1
21.9,1.0,1,533,1
22.4,1.2,1,659,1
22.2,1.0,1,693,1
21.4,0.8,1,574,1
21.0,1.0,1,668,1
22.1,1.1,1,581,1
22.5,1.2,1,545,1
21.6,0.9,1,490,1
21.1,0.9,1,618,1
22.4,0.9,1,508,1
21.5,1.0,1,658,1
21.8,1.0,1,445,1
21.4,1.0,1,551,1
21.0,0.9,1,611,1
21.4,1.2,1,568,1
21.9,1.1,1,394,1
21.1,0.8,1,512,1
21.3,0.9,1,598,1
21.1,1.2,1,549,1
21.7,1.0,1,587,1
22.4,1.2,1,515,1
21.6,0.8,1,456,1
22.3,0.9,1,373,1
21.6,1.0,1,693,1
21.5,0.8,1,484,1
21.8,1.1,1,626,1
22.4,0.8,1,653,1
21.6,1.0,1,468,1
22.3,0.8,1,541,1
21.9,1.1,1,474,1
21.5,1.1,1,461,1
21.2,1.0,1,640,1
22.2,1.0,1,366,1
21.5,0.9,1,371,1
21.8,1.1,1,466,1
21.7,1.0,1,693,1
22.4,0.9,1,538,1
21.1,1.2,1,609,1
22.4,0.9,1,383,1
22.0,1.1,1,540,1
21.6,1.0,1,464,1
22.0,1.0,1,420,1
22.3,1.2,1,638,1
22.3,0.8,1,563,1
21.9,0.9,1,463,1
22.0,0.9,1,425,1
21.4,1.2,1,545,1
22.3,1.0,1,466,1
21.1,1.2,1,366,1
21.4,0.9,1,514,1
21.5,1.2,1,484,1
21.4,1.1,1,425,1
21.1,1.1,1,511,1
21.6,1.1,1,617,1
21.3,0.9,1,511,1
21.7,1.0,1,629,1
21.3,0.8,1,546,1
22.0,1.1,1,448,1
21.6,1.0,1,425,1
21.5,0.9,1,450,1
22.2,0.9,1,655,1
22.1,1.1,1,601,1
22.5,1.1,1,615,1
22.1,1.2,1,417,1
21.0,0.8,1,558,1
21.1,1.2,1,362,1
22.4,0.9,1,565,1
21.9,1.0,1,636,1
21.6,1.0,1,499,1
21.7,1.1,1,561,1
21.1,0.8,1,684,1
21.7,1.0,1,652,1
22.3,0.9,1,477,1
21.3,1.0,1,392,1
22.0,1.0,1,445,1
22.0,0.9,1,456,1
21.7,1.1,1,567,1
21.8,1.0,1,418,1
22.5,1.1,1,483,1
21.3,0.9,1,450,1
21.1,0.9,1,673,1
21.2,0.9,1,583,1
21.1,0.8,1,562,1
21.9,0.9,1,395,1
21.5,0.9,1,591,1
22.5,1.0,1,640,1
21.4,1.1,1,360,1
21.8,1.1,1,578,1
22.3,0.9,1,484,1
22.0,1.1,1,608,1
21.2,0.9,1,600,1
21.9,0.8,1,442,1
21.8,1.0,1,397,1
22.5,0.9,1,594,1
21.8,1.1,1,648,1
21.7,1.1,1,497,1
21.6,1.0,1,647,1
21.0,1.0,1,482,1
22.2,1.1,1,416,1
21.3,0.9,1,589,1
22.4,0.8,1,544,1
21.3,0.8,1,393,1
21.2,1.0,1,417,1
22.4,0.8,1,642,1
22.1,0.9,1,472,1
22.1,1.2,1,528,1
22.1,0.9,1,591,1
21.4,1.1,1,396,1
21.2,1.1,1,462,1
21.0,1.1,1,505,1
21.7,1.0,1,525,1
21.1,1.2,1,608,1
22.1,1.0,1,372,1
22.3,0.9,1,597,1
22.2,1.1,1,388,1
22.4,1.0,1,599,1
21.5,1.1,1,450,1
21.0,1.1,1,365,1
21.3,0.9,1,631,1
21.6,1.0,1,371,1
22.1,0.8,1,417,1
22.3,1.0,1,620,1
22.0,1.2,1,460,1
21.8,1.1,1,432,1
21.7,0.9,1,408,1
22.4,0.8,1,482,1
21.7,0.8,1,431,1
21.0,0.9,1,350,1
21.6,1.0,1,385,1
22.5,1.0,1,362,1
21.4,0.9,1,457,1
21.1,1.1,1,619,1
21.2,1.1,1,604,1
21.4,0.9,1,437,1
21.5,0.8,1,507,1
21.2,0.9,1,435,1
21.1,1.2,1,370,1
21.5,0.8,1,619,1
22.0,1.1,1,503,1
21.8,0.9,1,496,1
22.2,0.9,1,374,1
21.5,0.8,1,679,1
21.7,0.9,1,579,1
22.0,0.9,1,403,1
21.6,1.0,1,538,1
22.2,1.1,1,399,1
21.7,1.0,1,688,1
22.3,0.9,1,446,1
21.2,1.1,1,620,1
21.9,0.9,1,548,1
21.0,1.1,1,613,1
21.4,1.1,1,615,1
21.6,0.9,1,490,1
21.5,1.1,1,643,1
21.6,0.9,1,367,1
21.8,1.0,1,567,1
22.4,0.8,1,649,1
22.0,1.1,1,573,1
21.1,1.1,1,693,1
21.4,1.1,1,589,1
21.4,0.9,1,569,1
21.5,0.9,1,511,1
22.3,1.0,1,378,1
22.4,1.0,1,460,1
21.1,0.8,1,350,1
21.5,1.1,1,670,1
21.9,1.0,1,537,1
22.1,0.8,1,420,1
21.8,1.0,1,571,1
22.0,0.9,1,552,1
21.1,0.9,1,582,1
22.3,0.9,1,417,1
21.8,1.0,1,379,1
21.1,1.0,1,661,1
21.7,0.9,1,390,1
21.6,0.8,1,426,1
21.7,1.2,1,408,1
21.0,1.0,1,656,1
22.0,1.0,1,395,1
22.4,0.9,1,549,1
22.2,1.1,1,454,1
22.4,1.0,1,498,1
22.2,1.2,1,525,1
22.0,1.1,1,639,1
21.2,1.1,1,631,1
22.2,0.9,1,377,1
21.0,1.1,1,462,1
21.1,1.0,1,410,1
21.3,1.1,1,489,1
21.9,0.9,1,677,1
22.1,1.1,1,413,1
22.3,0.8,1,439,1
21.9,1.1,1,441,1
21.9,1.0,1,642,1
21.9,1.1,1,373,1
22.3,1.0,1,565,1
22.5,1.1,1,507,1
21.1,0.9,1,414,1
21.5,0.9,1,561,1
21.5,0.9,1,671,1
21.2,1.2,1,568,1
21.5,1.0,1,622,1
22.3,1.0,1,633,1
22.4,1.0,1,356,1
21.7,1.1,1,574,1
21.3,0.9,1,360,1
22.0,0.8,1,353,1
21.7,1.1,1,565,1
21.4,1.1,1,464,1
21.2,0.9,1,528,1
21.3,1.0,1,393,1
22.1,0.9,1,618,1
21.9,1.0,1,570,1
22.3,1.1,1,388,1
22.0,1.1,1,572,1
21.8,0.9,1,511,1
22.1,1.1,1,553,1
21.5,1.0,1,413,1
21.1,0.9,1,687,1
22.2,1.1,1,558,1
21.5,0.9,1,384,1
21.9,1.1,1,696,1
22.3,1.0,1,467,1
21.9,1.2,1,445,1
21.6,1.0,1,404,1
21.5,1.1,1,458,1
21.1,1.2,1,378,1
22.1,0.9,1,638,1
22.5,1.1,1,568,1
22.0,1.0,1,557,1
22.2,0.9,1,400,1
21.6,1.0,1,631,1
22.2,1.0,1,363,1
21.8,1.1,1,637,1
22.1,0.9,1,476,1
22.4,0.9,1,566,1
22.1,1.1,1,533,1
21.6,0.9,1,495,1
22.0,0.8,1,505,1
21.3,0.8,1,402,1
21.6,1.1,1,491,1
21.0,0.9,1,592,1
22.2,1.1,1,643,1
21.2,1.1,1,601,1
22.2,0.9,1,561,1
21.5,1.1,1,670,1
21.5,0.8,1,685,1
22.2,1.0,1,635,1
21.1,1.1,1,448,1
21.7,1.2,1,403,1
21.7,1.0,1,547,1
21.4,1.1,1,655,1
21.1,1.0,1,607,1
21.2,1.1,1,697,1
21.3,1.0,1,427,1
21.8,1.0,1,475,1
21.6,1.0,1,491,1
21.7,0.9,1,580,1
21.1,0.9,1,560,1
21.7,0.8,1,691,1
21.6,1.1,1,550,1
21.7,0.9,1,562,1
21.2,0.9,1,458,1
21.2,0.8,1,606,1
22.4,0.9,1,699,1
22.0,1.1,1,645,1
21.7,0.9,1,538,1
21.9,1.1,1,442,1
22.1,1.1,1,455,1
21.1,1.0,1,699,1
22.4,0.9,1,456,1
21.2,1.1,1,500,1
22.3,1.1,1,410,1
21.1,0.9,1,476,1
21.1,0.9,1,480,1
21.1,0.8,1,558,1
21.5,1.1,1,509,1
22.1,1.0,1,372,1
22.4,1.0,1,513,1
21.5,1.1,1,450,1
21.1,1.0,1,667,1
21.9,0.9,1,620,1
21.6,1.1,1,638,1
22.4,1.1,1,582,1
21.4,1.1,1,461,1
22.4,1.1,1,390,1
22.2,0.9,1,628,1
21.9,1.0,1,526,1
21.4,1.2,1,564,1
22.3,1.1,1,385,1
21.6,1.1,1,477,1
21.8,0.9,1,456,1
21.5,1.0,1,688,1
21.1,1.1,1,406,1
21.3,0.9,1,666,1
21.6,0.8,1,434,1
22.4,1.2,1,411,1
21.1,0.9,1,637,1
21.9,0.9,1,652,1
21.9,0.9,1,644,1
22.5,0.9,1,654,1
20.3,2.0,1,1488,2
18.3,1.5,1,1019,2
18.2,1.6,1,1480,2
17.6,1.4,1,1719,2
17.3,1.4,1,1746,2
17.8,1.9,1,845,2
17.9,2.2,1,1171,2
18.9,1.4,1,1969,2
18.3,2.0,1,1070,2
17.7,2.3,1,1147,2
18.6,1.4,1,1221,2
18.7,1.7,1,772,2
20.5,1.8,1,809,2
17.6,1.8,1,758,2
19.2,2.4,1,1222,2
20.9,1.9,1,983,2
20.9,1.8,1,1500,2
19.2,2.1,1,851,2
19.7,2.4,1,1232,2
20.8,2.2,1,1491,2
17.7,1.5,1,803,2
19.4,1.7,1,1382,2
18.0,2.5,1,1197,2
17.2,1.7,1,1777,2
20.1,1.3,1,702,2
19.2,1.6,1,1723,2
18.5,2.1,1,1178,2
17.0,1.6,1,970,2
18.1,1.6,1,1288,2
17.6,1.5,1,979,2
18.5,2.4,1,720,2
20.8,1.5,1,1186,2
17.5,1.6,1,1996,2
17.6,2.2,1,1412,2
19.8,1.5,1,1047,2
18.3,2.3,1,1151,2
20.4,1.6,1,1006,2
19.2,2.1,1,826,2
20.2,1.5,1,1831,2
17.8,2.5,1,1416,2
17.9,2.0,1,1670,2
17.7,2.0,1,1939,2
18.0,1.9,1,1357,2
17.0,1.6,1,1264,2
17.7,1.6,1,851,2
19.2,2.0,1,737,2
17.4,1.8,1,1689,2
18.1,2.2,1,1780,2
20.0,1.3,1,1659,2
20.1,2.0,1,1420,2
17.1,2.1,1,778,2
20.4,2.1,1,2000,2
18.2,1.3,1,1804,2
20.3,1.6,1,801,2
18.3,1.8,1,1569,2
18.8,1.6,1,1265,2
20.9,2.4,1,1607,2
20.7,1.6,1,1963,2
17.6,2.4,1,1510,2
20.0,2.4,1,1525,2
19.4,1.8,1,937,2
19.3,1.9,1,1336,2
19.3,1.7,1,867,2
20.3,1.6,1,1331,2
18.5,2.0,1,1515,2
18.3,2.2,1,1354,2
20.1,1.8,1,936,2
17.7,2.5,1,931,2
17.3,2.0,1,774,2
19.0,2.1,1,1589,2
17.8,2.0,1,1586,2
17.5,1.7,1,1793,2
19.2,2.4,1,1106,2
19.3,2.0,1,1228,2
19.6,2.0,1,824,2
19.3,2.2,1,1134,2
17.9,2.1,1,1688,2
18.5,2.0,1,1411,2
20.7,2.4,1,1289,2
17.1,2.2,1,1230,2
18.6,2.2,1,959,2
20.2,2.4,1,1993,2
19.6,1.4,1,712,2
20.8,2.3,1,1418,2
19.2,2.4,1,1713,2
19.6,2.0,1,1640,2
18.7,2.3,1,1366,2
17.1,1.7,1,1088,2
18.4,1.6,1,1299,2
18.9,1.9,1,1291,2
19.1,2.4,1,1071,2
17.8,1.8,1,1393,2
17.9,2.3,1,750,2
18.9,2.4,1,1781,2
20.3,2.2,1,1998,2
17.3,1.5,1,843,2
18.7,1.4,1,921,2
20.2,2.5,1,1609,2
18.9,1.4,1,1784,2
19.9,1.7,1,1651,2
18.8,2.1,1,1628,2
18.2,2.1,1,1587,2
17.3,1.9,1,1427,2
18.0,1.4,1,748,2
18.3,1.4,1,1865,2
19.2,2.0,1,1990,2
18.8,1.7,1,1152,2
17.7,2.4,1,1927,2
20.9,2.4,1,1666,2
19.0,1.4,1,1532,2
19.3,2.0,1,1810,2
18.7,1.5,1,1668,2
17.4,2.1,1,843,2
18.3,2.3,1,701,2
20.7,2.2,1,1304,2
17.4,1.7,1,1579,2
17.9,2.0,1,1971,2
20.6,1.3,1,992,2
17.5,2.0,1,1921,2
17.6,2.0,1,1978,2
19.1,1.4,1,1343,2
18.6,1.3,1,1895,2
18.9,2.5,1,866,2
18.5,2.1,1,925,2
18.8,2.2,1,1495,2
19.3,2.3,1,1570,2
18.3,1.7,1,702,2
18.5,1.5,1,1920,2
18.3,1.5,1,1748,2
19.4,1.8,1,1576,2
20.8,1.6,1,1809,2
17.9,1.5,1,1385,2
17.6,1.6,1,1282,2
20.3,1.4,1,1407,2
19.0,1.4,1,1328,2
19.0,2.2,1,900,2
20.4,1.3,1,844,2
20.2,1.9,1,1422,2
19.9,1.8,1,1746,2
18.9,1.6,1,1733,2
19.0,2.1,1,744,2
17.4,1.9,1,1898,2
17.5,1.4,1,1390,2
18.4,2.4,1,1557,2
17.7,2.0,1,944,2
19.6,1.5,1,1938,2
18.7,2.1,1,730,2
17.7,1.5,1,1389,2
18.2,1.6,1,1359,2
20.5,1.4,1,1137,2
19.7,1.4,1,1632,2
17.4,2.2,1,913,2
19.2,1.3,1,906,2
18.2,1.6,1,1800,2
20.4,1.6,1,1964,2
20.9,2.3,1,1885,2
19.7,2.2,1,1927,2
20.4,1.9,1,1138,2
19.5,1.7,1,1228,2
20.4,2.3,1,729,2
17.4,2.0,1,1213,2
18.7,1.5,1,1382,2
20.8,2.0,1,1213,2
20.5,2.2,1,771,2
20.0,2.2,1,767,2
17.0,2.3,1,1687,2
18.5,1.7,1,1418,2
19.9,2.3,1,892,2
18.6,2.2,1,1563,2
18.2,1.4,1,1180,2
18.9,2.4,1,1853,2
18.6,1.4,1,745,2
20.6,1.5,1,1812,2
18.9,1.7,1,1509,2
18.3,1.6,1,1624,2
19.9,1.5,1,1832,2
17.5,2.1,1,1516,2
19.2,2.4,1,1308,2
19.8,2.2,1,813,2
20.6,1.9,1,1086,2
17.4,1.4,1,1086,2
18.2,1.8,1,1018,2
17.5,1.4,1,1275,2
20.4,1.7,1,880,2
18.9,1.5,1,808,2
19.6,2.2,1,1825,2
17.1,1.9,1,1151,2
19.8,2.3,1,899,2
20.6,1.3,1,1650,2
17.3,2.1,1,733,2
17.9,1.4,1,740,2
17.2,2.1,1,822,2
19.5,1.4,1,1440,2
20.4,1.9,1,733,2
20.7,2.5,1,1896,2
19.0,2.3,1,1105,2
17.1,2.4,1,748,2
20.6,1.3,1,1088,2
17.4,1.8,1,1279,2
20.0,2.2,1,1915,2
18.9,2.0,1,1990,2
18.6,1.8,1,1644,2
19.6,1.7,1,1274,2
17.3,1.8,1,1403,2
17.1,1.9,1,816,2
20.8,1.3,1,1941,2
17.6,1.4,1,898,2
19.0,2.4,1,1703,2
20.6,1.4,1,1809,2
17.9,2.0,1,982,2
20.3,1.5,1,1761,2
18.3,2.2,1,1355,2
17.1,2.4,1,904,2
20.0,1.7,1,1948,2
18.3,1.3,1,1007,2
18.7,1.6,1,1391,2
17.2,1.7,1,1176,2
19.1,1.7,1,1139,2
18.9,1.3,1,1512,2
17.8,2.2,1,1762,2
19.2,1.5,1,1602,2
20.2,1.9,1,1634,2
18.3,1.5,1,744,2
19.5,2.2,1,1012,2
19.7,2.0,1,714,2
20.7,1.5,1,1480,2
20.3,1.4,1,1518,2
20.0,2.1,1,771,2
17.0,1.3,1,976,2
19.8,1.3,1,1306,2
18.4,1.8,1,1663,2
19.8,2.5,1,1952,2
20.6,1.8,1,1113,2
20.6,2.4,1,1284,2
19.5,1.9,1,1840,2
20.4,1.4,1,1646,2
17.9,2.4,1,1367,2
20.6,1.9,1,1553,2
19.6,1.7,1,1994,2
19.4,2.2,1,1527,2
17.2,2.5,1,1428,2
19.6,1.9,1,938,2
19.8,2.3,1,1338,2
17.2,2.0,1,744,2
17.1,2.1,1,1540,2
17.8,1.9,1,970,2
17.5,2.2,1,769,2
19.9,1.5,1,1124,2
18.6,2.3,1,1740,2
17.6,2.3,1,1467,2
18.1,1.8,1,1995,2
19.3,2.0,1,712,2
17.7,1.8,1,1739,2
18.3,1.5,1,1869,2
17.9,2.4,1,1393,2
20.9,2.0,1,1509,2
18.1,1.7,1,1848,2
18.5,1.7,1,1068,2
17.5,2.0,1,1315,2
19.9,1.7,1,1277,2
17.1,2.0,1,1670,2
19.6,2.2,1,1386,2
19.1,2.3,1,858,2
20.8,1.8,1,766,2
20.8,2.4,1,1201,2
18.5,2.0,1,1789,2
18.3,1.8,1,1094,2
17.9,1.4,1,1809,2
20.8,1.8,1,1655,2
17.0,1.5,1,1647,2
18.1,1.4,1,1986,2
19.5,1.5,1,1381,2
21.0,2.2,1,1040,2
19.0,1.8,1,1809,2
20.6,2.5,1,1004,2
17.3,1.8,1,1162,2
20.9,1.9,1,1440,2
18.6,2.2,1,984,2
17.9,1.6,1,727,2
18.4,2.4,1,1311,2
18.4,1.7,1,1763,2
21.0,1.4,1,858,2
19.1,2.0,1,1764,2
17.7,1.4,1,1110,2
20.3,1.7,1,1466,2
20.0,1.5,1,1172,2
17.2,1.9,1,1891,2
17.1,1.9,1,1338,2
20.4,2.4,1,1988,2
19.3,2.1,1,1413,2
19.5,2.3,1,1431,2
17.2,2.4,1,1422,2
17.5,1.3,1,1208,2
19.5,2.3,1,1026,2
17.5,2.3,1,1160,2
19.4,1.5,1,745,2
20.9,2.3,1,1174,2
17.8,2.3,1,1200,2
17.5,2.1,1,1636,2
18.5,1.5,1,1419,2
20.8,1.5,1,1894,2
20.9,1.6,1,1856,2
18.2,1.6,1,1186,2
19.3,1.4,1,712,2
18.6,1.3,1,973,2
19.9,2.3,1,1597,2
18.3,2.0,1,1518,2
19.9,1.7,1,1757,2
17.5,2.0,1,1109,2
19.0,2.3,1,1130,2
17.4,2.2,1,1267,2
17.4,2.2,1,1438,2
17.7,2.4,1,1108,2
20.7,1.4,1,800,2
20.4,1.4,1,1079,2
18.4,1.6,1,1629,2
19.9,2.3,1,988,2
18.8,1.9,1,1112,2
20.2,2.1,1,869,2
19.7,1.6,1,1156,2
18.8,1.7,1,983,2
18.6,1.7,1,1315,2
17.4,2.5,1,1138,2
20.5,2.3,1,1429,2
19.5,2.5,1,1301,2
19.5,1.6,1,1017,2
18.5,1.7,1,1920,2
18.0,1.4,1,1267,2
18.4,1.8,1,718,2
17.2,1.4,1,1762,2
18.9,1.6,1,734,2
17.8,2.2,1,733,2
17.5,2.4,1,1255,2
20.7,1.5,1,1987,2
18.4,1.5,1,1213,2
20.1,1.6,1,1721,2
18.3,1.6,1,1659,2
17.7,2.2,1,1592,2
17.7,2.2,1,1593,2
18.5,2.1,1,1445,2
20.9,1.5,1,1539,2
17.3,1.5,1,992,2
18.9,1.7,1,1147,2
20.6,2.2,1,1334,2
20.2,2.4,1,1047,2
20.1,1.5,1,1286,2
17.7,1.7,1,1426,2
20.2,1.5,1,1750,2
19.3,2.5,1,900,2
19.1,2.1,1,1859,2
20.8,2.0,1,848,2
20.7,2.1,1,1746,2
18.6,1.4,1,1996,2
18.4,1.9,1,1334,2
17.6,2.1,1,1647,2
17.9,2.0,1,1935,2
19.5,2.0,1,1591,2
19.8,2.2,1,1437,2
17.0,1.9,1,1887,2
20.8,2.1,1,1706,2
18.3,1.3,1,1944,2
18.1,2.1,1,1007,2
17.4,2.0,1,1906,2
18.9,1.5,1,1608,2
17.2,1.9,1,1119,2
18.7,1.4,1,1739,2
17.1,1.6,1,1210,2
19.4,2.4,1,1237,2
20.7,2.5,1,1199,2
20.4,2.1,1,943,2
20.7,1.8,1,1329,2
17.8,1.3,1,1356,2
20.4,1.8,1,839,2
17.9,1.7,1,1652,2
19.8,1.7,1,1297,2
19.4,2.1,1,1432,2
19.9,1.6,1,877,2
19.5,1.8,1,1707,2
18.1,2.5,1,1503,2
20.1,1.7,1,1650,2
19.1,1.4,1,1992,2
20.5,2.5,1,970,2
19.6,2.2,1,962,2
17.9,2.5,1,1088,2
19.7,2.3,1,1439,2
20.6,1.5,1,939,2
19.8,1.3,1,1628,2
19.2,1.7,1,1532,2
19.6,2.2,1,1402,2
19.5,1.7,1,1607,2
20.1,2.0,1,1830,2
21.0,1.9,1,1038,2
18.1,1.6,1,1603,2
17.9,1.9,1,1329,2
17.1,2.4,1,1803,2
17.8,1.5,1,775,2
20.1,2.3,1,1428,2
18.4,1.6,1,1842,2
17.3,2.3,1,1036,2
20.9,2.4,1,912,2
18.1,1.4,1,713,2
17.3,1.9,1,1822,2
20.8,1.6,1,1522,2
19.8,1.6,1,2000,2
17.6,2.0,1,968,2
19.3,2.0,1,1593,2
18.9,2.4,1,1825,2
20.5,1.9,1,1576,2
19.0,1.6,1,1786,2
18.5,2.1,1,1379,2
19.6,2.1,1,1731,2
18.7,2.1,1,1469,2
20.7,1.9,1,873,2
17.3,2.4,1,1666,2
20.3,2.3,1,732,2
19.7,1.8,1,1938,2
20.1,1.3,1,1022,2
20.4,2.0,1,1801,2
20.6,1.6,1,861,2
17.4,2.1,1,892,2
18.9,1.4,1,1741,2
19.2,1.3,1,1805,2
17.4,2.5,1,1570,2
18.3,2.4,1,1352,2
18.5,2.2,1,1886,2
20.6,2.0,1,1212,2
18.8,1.7,1,944,2
19.3,1.9,1,1030,2
20.3,2.0,1,1364,2
17.7,1.9,1,1577,2
18.0,1.9,1,1200,2
18.0,2.1,1,1517,2
18.2,1.3,1,1839,2
19.8,1.9,1,1447,2
17.6,2.3,1,1606,2
20.7,1.5,1,1719,2
20.6,2.0,1,957,2
18.4,1.3,1,1514,2
20.4,2.0,1,1290,2
20.6,2.3,1,835,2
19.8,2.5,1,1960,2
18.8,2.2,1,807,2
19.1,1.6,1,1850,2
18.0,1.3,1,1774,2
19.3,1.5,1,1778,2
20.6,2.3,1,742,2
20.8,1.4,1,1710,2
20.8,2.1,1,803,2
18.2,2.2,1,1751,2
18.9,1.4,1,965,2
19.6,1.9,1,1707,2
19.0,1.9,1,1670,2
17.2,1.4,1,1915,2
18.9,2.4,1,1610,2
19.2,2.1,1,978,2
18.8,1.7,1,1929,2
19.7,2.2,1,838,2
19.1,1.5,1,794,2
18.4,1.6,1,1620,2
21.0,2.2,1,1400,2
20.1,2.2,1,1926,2
18.9,2.0,1,1637,2
19.9,1.4,1,1251,2
19.9,2.0,1,1898,2
18.5,1.8,1,728,2
18.4,2.5,1,1178,2
17.6,2.2,1,1730,2
17.9,1.4,1,1873,2
20.7,2.5,1,943,2
19.1,1.3,1,1366,2
18.9,1.6,1,1772,2
18.2,1.9,1,1357,2
17.7,1.6,1,1393,2
17.1,1.6,1,1699,2
18.8,1.8,1,1916,2
19.6,2.4,1,1931,2
19.1,2.1,1,1244,2
19.9,2.3,1,939,2
20.7,1.3,1,1496,2
17.6,1.8,1,970,2
20.6,2.2,1,1204,2
20.9,2.2,1,713,2
19.3,1.3,1,1928,2
17.4,1.9,1,1402,2
21.0,1.6,1,848,2
20.7,2.4,1,1538,2
18.9,1.9,1,1482,2
20.7,1.6,1,1311,2
17.6,1.7,1,1318,2
20.1,1.3,1,1983,2
18.0,1.9,1,851,2
19.4,1.6,1,1237,2
18.0,1.5,1,1776,2
20.1,2.3,1,1655,2
19.3,1.6,1,1849,2
20.2,1.5,1,1212,2
18.5,2.4,1,1806,2
17.3,2.5,1,1709,2
18.7,2.2,1,851,2
17.5,1.9,1,1378,2
17.9,1.4,1,866,2
20.2,2.1,1,1267,2
17.5,2.0,1,1268,2
18.6,2.2,1,1400,2
17.2,1.5,1,1811,2
17.5,1.7,1,1310,2
17.5,1.9,1,1423,2
17.4,2.0,1,1764,2
17.3,2.0,1,1211,2
17.5,2.5,1,1509,2
20.4,2.2,1,1524,2
20.5,2.1,1,1608,2
18.7,1.9,1,1534,2
17.4,1.5,1,1492,2
18.9,2.0,1,1772,2
20.5,2.5,1,1513,2
19.8,1.7,1,971,2
19.4,2.2,1,1656,2
20.3,1.9,1,1989,2
20.8,2.0,1,1788,2
19.9,2.0,1,819,2
19.6,1.4,1,1345,2
20.1,2.2,1,1290,2
19.3,1.4,1,1832,2
17.3,1.7,1,1729,2
19.7,2.2,1,1551,2
17.7,1.6,1,935,2
17.4,1.3,1,1231,2
18.8,2.4,1,1386,2
18.8,2.5,1,1901,2
17.9,1.9,1,1830,2
17.9,1.7,1,1129,2
18.5,2.5,1,1351,2
21.0,2.2,1,1609,2
20.3,1.8,1,1987,2
19.3,2.4,1,1412,2
19.4,1.4,1,1646,2
20.0,2.3,1,1786,2
18.4,2.4,1,1292,2
19.6,1.5,1,1875,2
17.8,1.3,1,1103,2
19.6,1.5,1,1023,2
20.8,1.7,1,1784,2
20.9,2.1,1,1969,2
19.1,2.4,1,1517,2
18.7,2.4,1,1640,2
18.1,1.5,1,1976,2
20.1,1.9,1,1255,2
19.2,1.8,1,1180,2
20.6,1.7,1,821,2
20.0,1.4,1,1636,2
20.3,1.7,1,923,2
21.0,1.8,1,1871,2
17.5,2.2,1,1002,2
19.8,2.4,1,824,2
17.9,1.8,1,894,2
18.5,2.2,1,1308,2
20.6,1.8,1,1138,2
20.7,2.0,1,1414,2
18.4,1.4,1,1400,2
17.0,2.1,1,861,2
17.7,1.8,1,1272,2
19.7,1.7,1,981,2
18.1,1.9,1,1114,2
17.9,2.2,1,1639,2
17.7,2.1,1,1724,2
19.6,2.1,1,746,2
18.9,2.4,1,1220,2
19.0,2.5,1,1560,2
17.2,1.3,1,704,2
18.8,1.4,1,1837,2
18.1,1.5,1,1918,2
18.7,2.4,1,1274,2
18.7,1.4,1,1766,2
20.9,1.6,1,1544,2
19.8,2.0,1,1065,2
17.8,2.4,1,1013,2
19.4,2.1,1,1720,2
19.2,1.3,1,816,2
19.1,1.9,1,1007,2
20.2,2.4,1,1757,2
17.4,1.8,1,1355,2
17.1,1.7,1,1336,2
17.7,2.1,1,997,2
18.1,1.8,1,1223,2
17.0,1.6,1,1157,2
21.0,1.4,1,1651,2
19.2,1.3,1,1708,2
18.7,1.8,1,1879,2
17.9,1.7,1,738,2
18.9,2.0,1,1739,2
20.2,1.8,1,1873,2
18.4,1.7,1,1791,2
18.2,2.0,1,1338,2
18.4,1.3,1,988,2
19.8,1.8,1,1472,2
19.5,1.3,1,1305,2
19.0,1.5,1,1367,2
17.5,2.2,1,1664,2
19.5,1.8,1,948,2
20.9,2.2,1,1437,2
19.6,2.2,1,1225,2
17.2,1.7,1,1524,2
18.9,2.1,1,1106,2
20.1,1.9,1,1211,2
19.7,1.6,1,1415,2
17.8,2.3,1,1525,2
19.2,1.8,1,1598,2
19.0,1.7,1,1402,2
20.0,1.7,1,1042,2
17.9,1.4,1,1577,2
19.1,2.4,1,1411,2
18.4,1.6,1,1089,2
20.7,2.3,1,714,2
20.2,2.0,1,761,2
20.1,2.1,1,946,2
20.3,2.1,1,758,2
19.8,1.5,1,1127,2
19.2,1.7,1,1051,2
19.3,2.0,1,1403,2
20.9,1.3,1,1475,2
17.4,2.1,1,1584,2
19.0,2.0,1,946,2
17.0,1.5,1,900,2
17.3,1.4,1,1566,2
18.8,2.4,1,1678,2
17.2,1.3,1,1610,2
19.6,1.6,1,839,2
18.7,1.8,1,1529,2
19.8,1.6,1,1651,2
17.0,2.4,1,984,2
17.2,1.5,1,871,2
21.0,2.4,1,1420,2
17.8,1.9,1,979,2
20.5,1.6,1,936,2
18.4,2.5,1,1406,2
20.7,2.0,1,1978,2
17.2,2.3,1,1460,2
18.3,2.3,1,830,2
17.6,1.6,1,888,2
18.9,1.8,1,1392,2
17.7,2.1,1,740,2
17.7,1.5,1,1392,2
19.9,2.3,1,1899,2
18.7,2.1,1,1155,2
17.1,1.8,1,749,2
17.9,2.4,1,1697,2
20.2,1.5,1,846,2
19.8,1.5,1,1043,2
18.6,1.5,1,1467,2
20.2,1.3,1,1908,2
19.1,2.0,1,986,2
19.1,2.0,1,1536,2
18.1,2.1,1,1587,2
20.0,2.1,1,1271,2
18.4,2.3,1,1606,2
20.1,1.9,1,1735,2
19.6,1.8,1,1073,2
20.4,2.5,1,1805,2
18.4,2.5,1,1965,2
18.7,2.5,1,1329,2
19.3,2.0,1,972,2
20.1,1.6,1,1981,2
19.7,1.3,1,1850,2
20.1,1.9,1,723,2
19.4,2.3,1,1022,2
19.3,2.2,1,830,2
17.6,1.5,1,1059,2
17.9,1.5,1,794,2
18.4,2.4,1,1377,2
19.4,1.8,1,1836,2
17.5,2.2,1,999,2
18.9,1.8,1,1178,2
19.0,1.8,1,1472,2
20.8,2.4,1,1449,2
17.5,1.7,1,948,2
18.1,2.1,1,1393,2
17.7,1.7,1,1729,2
19.6,1.7,1,793,2
20.1,2.5,1,1862,2
17.9,1.5,1,1533,2
20.0,1.8,1,1375,2
17.9,2.4,1,799,2
20.5,1.4,1,1595,2
17.6,1.5,1,1369,2
20.7,1.8,1,1829,2
19.4,1.7,1,1385,2
20.9,1.3,1,1331,2
19.5,2.1,1,798,2
18.9,2.2,1,1337,2
19.1,1.7,1,775,2
18.8,1.8,1,1747,2
20.4,1.8,1,1307,2
17.7,2.1,1,1238,2
18.5,1.5,1,1438,2
19.4,1.7,1,1958,2
18.8,2.3,1,1067,2
17.5,1.5,1,1924,2
18.8,1.4,1,1585,2
20.7,1.3,1,1833,2
18.2,2.0,1,1064,2
17.5,1.4,1,858,2
19.8,1.6,1,1835,2
19.9,1.7,1,939,2
18.9,2.3,1,1181,2
17.8,1.7,1,768,2
20.6,2.1,1,1021,2
17.8,2.1,1,1898,2
20.7,2.1,1,1508,2
20.5,2.5,1,1329,2
19.6,1.5,1,1464,2
18.3,1.5,1,1030,2
17.3,2.4,1,1334,2
20.3,2.3,1,995,2
18.5,1.8,1,1961,2
19.6,1.4,1,1465,2
20.3,2.0,1,1809,2
17.1,1.9,1,835,2
20.6,1.3,1,1260,2
18.7,2.4,1,1827,2
19.9,2.4,1,1045,2
19.2,2.3,1,1742,2
18.0,1.3,1,1342,2
20.4,1.5,1,962,2
18.8,2.5,1,1233,2
20.6,1.9,1,1746,2
17.3,1.6,1,1016,2
17.2,1.6,1,1713,2
19.1,2.3,1,1079,2
20.6,2.2,1,1817,2
17.1,1.6,1,1192,2
17.6,1.7,1,1988,2
20.3,1.9,1,1713,2
18.6,1.8,1,903,2
19.5,1.9,1,822,2
17.9,1.8,1,1295,2
20.9,1.6,1,1033,2
20.6,1.3,1,1122,2
20.9,2.2,1,1291,2
17.6,1.8,1,1345,2
19.1,2.2,1,1783,2
17.2,1.7,1,1114,2
17.7,1.5,1,1466,2
17.5,1.9,1,1691,2
17.1,1.7,1,1757,2
17.5,2.3,1,1941,2
17.8,1.5,1,1730,2
19.0,2.4,1,1081,2
17.5,2.0,1,770,2
18.7,1.4,1,1912,2
20.6,1.8,1,1192,2
17.4,1.7,1,1612,2
20.1,1.9,1,1429,2
19.9,2.1,1,773,2
19.4,1.8,1,865,2
17.0,1.6,1,1288,2
20.7,1.4,1,889,2
19.7,2.0,1,871,2
18.6,2.3,1,968,2
17.4,2.0,1,1480,2
17.7,1.9,1,1863,2
17.2,2.5,1,2000,2
20.9,2.3,1,977,2
17.5,1.4,1,831,2
17.7,1.8,1,1106,2
19.0,1.8,1,1237,2
17.3,1.9,1,1634,2
17.4,2.4,1,1175,2
17.3,2.0,1,1773,2
17.6,1.5,1,1447,2
20.1,1.3,1,971,2
18.2,1.9,1,1162,2
18.4,1.3,1,1608,2
20.5,2.0,1,1973,2
20.9,2.1,1,897,2
17.3,1.4,1,1676,2
18.2,1.4,1,1246,2
18.4,2.2,1,1912,2
18.2,2.3,1,1236,2
20.3,1.7,1,1455,2
19.5,1.9,1,950,2
20.7,1.3,1,1116,2
20.8,1.5,1,1689,2
20.1,2.3,1,1517,2
18.5,1.8,1,1721,2
20.5,1.6,1,984,2
18.4,1.5,1,1272,2
17.4,2.0,1,1080,2
18.8,1.6,1,1910,2
18.8,1.4,1,1826,2
19.3,1.9,1,1118,2
18.4,2.5,1,1339,2
17.8,2.3,1,985,2
18.6,1.7,1,1427,2
20.6,1.8,1,1332,2
19.5,2.3,1,1164,2
17.8,1.6,1,1403,2
19.3,1.6,1,1743,2
19.1,1.4,1,1879,2
20.9,1.3,1,1692,2
17.1,2.4,1,982,2
17.7,1.8,1,1726,2
17.3,2.1,1,1014,2
20.5,2.2,1,1223,2
17.8,2.2,1,1741,2
18.9,2.4,1,1701,2
20.1,1.5,1,984,2
18.0,2.4,1,932,2
20.5,1.6,1,1428,2
17.2,2.2,1,1790,2
18.6,2.4,1,870,2
17.0,2.4,1,1011,2
19.5,1.8,1,1728,2
19.1,2.4,1,715,2
17.3,1.6,1,1090,2
17.9,2.1,1,1873,2
17.6,1.4,1,1404,2
18.8,2.1,1,1715,2
17.1,1.9,1,1420,2
18.5,1.5,1,1295,2
20.4,2.1,1,1476,2
18.0,2.3,1,1519,2
18.8,1.9,1,988,2
19.7,1.9,1,1769,2
18.9,1.9,1,1992,2
20.2,1.3,1,1009,2
20.4,2.0,1,737,2
19.1,1.3,1,1747,2
19.3,1.8,1,1958,2
18.9,1.3,1,1343,2
18.3,2.3,1,1899,2
19.6,1.9,1,1872,2
18.8,1.9,1,724,2
18.3,2.5,1,1241,2
18.1,2.2,1,719,2
19.9,2.2,1,1128,2
17.3,1.4,1,804,2
19.4,2.0,1,1144,2
17.2,2.2,1,1415,2
20.4,1.9,1,715,2
19.3,1.4,1,1350,2
20.5,1.8,1,1304,2
17.5,1.6,1,782,2
20.0,2.4,1,1128,2
19.6,2.4,1,1252,2
19.4,1.4,1,1445,2
19.8,2.2,1,987,2
17.1,2.2,1,1056,2
17.2,1.9,1,1366,2
17.6,2.1,1,1443,2
17.9,1.8,1,956,2
17.7,2.0,1,894,2
20.3,2.3,1,1193,2
20.4,2.0,1,1114,2
20.0,1.3,1,1624,2
18.8,1.6,1,968,2
17.2,2.2,1,893,2
19.8,2.3,1,1420,2
18.4,2.0,1,1527,2
17.9,1.7,1,1146,2
20.9,1.5,1,1607,2
18.6,1.8,1,1798,2
18.6,2.2,1,1113,2
20.0,2.5,1,1729,2
20.5,2.3,1,1294,2
17.6,2.2,1,899,2
19.7,1.7,1,1663,2
21.0,1.5,1,1836,2
17.1,1.6,1,1533,2
20.2,1.6,1,1117,2
17.4,1.6,1,1261,2
20.4,2.1,1,1045,2
17.5,2.0,1,1522,2
18.8,1.8,1,1255,2
18.2,2.3,1,1762,2
19.9,1.7,1,1389,2
19.4,2.4,1,1844,2
19.8,2.5,1,996,2
19.3,2.4,1,1110,2
21.0,1.6,1,1442,2
19.5,2.2,1,1715,2
20.8,2.3,1,1720,2
17.5,1.5,1,971,2
17.9,1.9,1,1676,2
18.0,1.7,1,1317,2
20.4,1.9,1,875,2
20.8,1.9,1,1948,2
17.3,2.0,1,1931,2
20.0,2.5,1,1979,2
18.0,1.7,1,1173,2
18.1,2.2,1,944,2
17.7,2.2,1,868,2
20.5,2.2,1,946,2
17.7,2.4,1,1370,2
20.2,2.4,1,1915,2
18.3,2.4,1,1996,2
21.0,2.2,1,1423,2
17.6,2.0,1,1829,2
18.4,2.2,1,1422,2
18.7,1.5,1,1455,2
17.3,1.8,1,1773,2
17.6,2.0,1,878,2
18.7,2.1,1,819,2
18.2,2.4,1,1329,2
19.8,1.5,1,1172,2
19.2,1.8,1,1936,2
20.3,2.2,1,1333,2
17.5,2.1,1,1593,2
18.9,2.5,1,861,2
20.9,1.7,1,1415,2
18.8,2.1,1,1288,2
19.6,2.1,1,1270,2
19.6,2.3,1,1254,2
17.9,1.8,1,1278,2
19.8,2.1,1,1249,2
20.1,1.9,1,951,2
20.8,2.3,1,1712,2
20.8,2.4,1,1148,2
19.5,1.7,1,1844,2
18.6,2.1,1,1046,2
19.4,1.7,1,1891,2
19.9,2.3,1,946,2
19.4,2.4,1,1482,2
20.5,2.4,1,1641,2
17.8,1.7,1,1076,2
20.5,2.4,1,1445,2
17.5,1.6,1,1011,2
18.5,1.7,1,1775,2
20.8,1.9,1,1096,2
20.6,1.4,1,752,2
17.4,2.2,1,982,2
18.0,1.9,1,702,2
19.4,1.6,1,1190,2
20.5,1.8,1,1362,2
20.4,2.2,1,1875,2
17.4,1.8,1,1639,2
20.3,2.4,1,819,2
20.0,1.7,1,1986,2
19.4,2.1,1,1039,2
19.4,2.0,1,919,2
17.3,1.3,1,1092,2
17.6,2.5,1,1754,2
20.4,1.9,1,1230,2
17.4,2.1,1,1361,2
17.7,2.5,1,1303,2
17.3,1.5,1,751,2
17.6,1.3,1,1136,2
20.9,1.9,1,1507,2
20.4,1.6,1,1942,2
17.6,1.7,1,992,2
20.3,1.7,1,1197,2
17.4,1.7,1,1462,2
19.0,2.2,1,1615,2
19.7,1.5,1,875,2
19.7,1.8,1,1347,2
20.6,2.1,1,1484,2
18.7,1.6,1,1165,2
17.5,2.5,1,1660,2
19.8,2.5,1,1553,2
17.4,1.8,1,1060,2
20.3,1.6,1,1577,2
17.2,1.6,1,1730,2
17.4,1.8,1,1220,2
17.6,2.4,1,1138,2
19.1,1.6,1,776,2
19.2,1.8,1,1271,2
20.3,2.4,1,981,2
18.2,2.0,1,1739,2
20.9,1.8,1,1339,2
20.2,1.9,1,1038,2
20.5,2.0,1,1937,2
19.0,1.5,1,1764,2
21.0,1.3,1,1574,2
19.2,1.6,1,701,2
18.9,2.2,1,1656,2
17.9,1.8,1,1600,2
18.2,2.2,1,887,2
18.2,2.0,1,1411,2
18.7,2.4,1,1277,2
19.8,2.4,1,1150,2
18.1,2.4,1,1487,2
19.1,2.0,1,754,2
18.1,1.5,1,1290,2
19.3,2.2,1,1841,2
19.4,2.3,1,944,2
20.6,2.0,1,1025,2
20.6,1.9,1,1135,2
17.7,2.2,1,1265,2
18.6,1.3,1,1599,2
19.5,1.4,1,1722,2
19.1,2.0,1,860,2
20.9,1.5,1,1370,2
17.9,2.1,1,762,2
18.7,2.1,1,1639,2
20.9,2.3,1,1958,2
19.5,1.5,1,779,2
20.8,2.0,1,1987,2
20.2,1.5,1,1649,2
17.8,2.2,1,1772,2
19.9,1.9,1,1384,2
